-- Auto-generated seed import
-- Source: seed-data/*.json

PRAGMA foreign_keys = ON;

-- =========================
-- Seed from: english.json
-- language: en
-- =========================

INSERT OR REPLACE INTO teachers (id, language, name, username) VALUES ('en_t1', 'en', 'Lyndelle Moodley', NULL);
INSERT OR REPLACE INTO availability_slots (id, teacher_id, weekdays_json, start_time, end_time, start_date, end_date, time_zone) VALUES ('en_t1_a1', 'en_t1', '[1,2,3,4,5]', '09:00', '11:00', '2025-12-31', '2026-12-30', 'Europe/Warsaw');
INSERT OR REPLACE INTO availability_slots (id, teacher_id, weekdays_json, start_time, end_time, start_date, end_date, time_zone) VALUES ('en_t1_a2', 'en_t1', '[1,2,3,4,5]', '14:00', '16:00', '2026-01-04', '2026-12-30', 'Europe/Warsaw');
INSERT OR REPLACE INTO availability_slots (id, teacher_id, weekdays_json, start_time, end_time, start_date, end_date, time_zone) VALUES ('en_t1_a5', 'en_t1', '[2,3,4]', '16:00', '17:00', '2026-01-31', '2026-12-30', 'Europe/Warsaw');
INSERT OR REPLACE INTO courses (id, teacher_id, group_reference, time_zone, duration_minutes) VALUES ('en_t1_b1', 'en_t1', 'Group 1', 'Europe/Warsaw', 60);
INSERT OR REPLACE INTO course_sessions (id, course_id, start_datetime) VALUES ('en_t1_b1_course_s1', 'en_t1_b1', '2026-01-15T09:00:00.000+01:00');
INSERT OR REPLACE INTO course_sessions (id, course_id, start_datetime) VALUES ('en_t1_b1_course_s2', 'en_t1_b1', '2026-01-22T09:00:00.000+01:00');
INSERT OR REPLACE INTO course_sessions (id, course_id, start_datetime) VALUES ('en_t1_b1_course_s3', 'en_t1_b1', '2026-01-29T09:00:00.000+01:00');
INSERT OR REPLACE INTO course_sessions (id, course_id, start_datetime) VALUES ('en_t1_b1_course_s4', 'en_t1_b1', '2026-02-05T09:00:00.000+01:00');
INSERT OR REPLACE INTO course_sessions (id, course_id, start_datetime) VALUES ('en_t1_b1_course_s5', 'en_t1_b1', '2026-02-12T09:00:00.000+01:00');
INSERT OR REPLACE INTO course_sessions (id, course_id, start_datetime) VALUES ('en_t1_b1_course_s6', 'en_t1_b1', '2026-02-19T09:00:00.000+01:00');
INSERT OR REPLACE INTO course_sessions (id, course_id, start_datetime) VALUES ('en_t1_b1_course_s7', 'en_t1_b1', '2026-02-26T09:00:00.000+01:00');
INSERT OR REPLACE INTO course_sessions (id, course_id, start_datetime) VALUES ('en_t1_b1_course_s8', 'en_t1_b1', '2026-03-05T09:00:00.000+01:00');
INSERT OR REPLACE INTO course_sessions (id, course_id, start_datetime) VALUES ('en_t1_b1_course_s9', 'en_t1_b1', '2026-03-12T09:00:00.000+01:00');
INSERT OR REPLACE INTO course_sessions (id, course_id, start_datetime) VALUES ('en_t1_b1_course_s10', 'en_t1_b1', '2026-03-19T09:00:00.000+01:00');
INSERT OR REPLACE INTO course_sessions (id, course_id, start_datetime) VALUES ('en_t1_b1_course_s11', 'en_t1_b1', '2026-03-26T09:00:00.000+01:00');
INSERT OR REPLACE INTO course_sessions (id, course_id, start_datetime) VALUES ('en_t1_b1_course_s12', 'en_t1_b1', '2026-04-02T09:00:00.000+02:00');
INSERT OR REPLACE INTO course_sessions (id, course_id, start_datetime) VALUES ('en_t1_b1_course_s13', 'en_t1_b1', '2026-04-09T09:00:00.000+02:00');
INSERT OR REPLACE INTO course_sessions (id, course_id, start_datetime) VALUES ('en_t1_b1_course_s14', 'en_t1_b1', '2026-04-16T09:00:00.000+02:00');
INSERT OR REPLACE INTO course_sessions (id, course_id, start_datetime) VALUES ('en_t1_b1_course_s15', 'en_t1_b1', '2026-04-23T09:00:00.000+02:00');
INSERT OR REPLACE INTO course_sessions (id, course_id, start_datetime) VALUES ('en_t1_b1_course_s16', 'en_t1_b1', '2026-04-30T09:00:00.000+02:00');
INSERT OR REPLACE INTO course_sessions (id, course_id, start_datetime) VALUES ('en_t1_b1_course_s17', 'en_t1_b1', '2026-05-07T09:00:00.000+02:00');
INSERT OR REPLACE INTO course_sessions (id, course_id, start_datetime) VALUES ('en_t1_b1_course_s18', 'en_t1_b1', '2026-05-14T09:00:00.000+02:00');
INSERT OR REPLACE INTO course_sessions (id, course_id, start_datetime) VALUES ('en_t1_b1_course_s19', 'en_t1_b1', '2026-05-21T09:00:00.000+02:00');
INSERT OR REPLACE INTO course_sessions (id, course_id, start_datetime) VALUES ('en_t1_b1_course_s20', 'en_t1_b1', '2026-05-28T09:00:00.000+02:00');
INSERT OR REPLACE INTO course_sessions (id, course_id, start_datetime) VALUES ('en_t1_b1_course_s21', 'en_t1_b1', '2026-06-04T09:00:00.000+02:00');
INSERT OR REPLACE INTO course_sessions (id, course_id, start_datetime) VALUES ('en_t1_b1_course_s22', 'en_t1_b1', '2026-06-11T09:00:00.000+02:00');
INSERT OR REPLACE INTO course_sessions (id, course_id, start_datetime) VALUES ('en_t1_b1_course_s23', 'en_t1_b1', '2026-06-18T09:00:00.000+02:00');
INSERT OR REPLACE INTO course_sessions (id, course_id, start_datetime) VALUES ('en_t1_b1_course_s24', 'en_t1_b1', '2026-06-25T09:00:00.000+02:00');
INSERT OR REPLACE INTO course_sessions (id, course_id, start_datetime) VALUES ('en_t1_b1_course_s25', 'en_t1_b1', '2026-07-02T09:00:00.000+02:00');
INSERT OR REPLACE INTO course_sessions (id, course_id, start_datetime) VALUES ('en_t1_b1_course_s26', 'en_t1_b1', '2026-07-09T09:00:00.000+02:00');
INSERT OR REPLACE INTO course_sessions (id, course_id, start_datetime) VALUES ('en_t1_b1_course_s27', 'en_t1_b1', '2026-07-16T09:00:00.000+02:00');
INSERT OR REPLACE INTO course_sessions (id, course_id, start_datetime) VALUES ('en_t1_b1_course_s28', 'en_t1_b1', '2026-07-23T09:00:00.000+02:00');
INSERT OR REPLACE INTO course_sessions (id, course_id, start_datetime) VALUES ('en_t1_b1_course_s29', 'en_t1_b1', '2026-07-30T09:00:00.000+02:00');
INSERT OR REPLACE INTO course_sessions (id, course_id, start_datetime) VALUES ('en_t1_b1_course_s30', 'en_t1_b1', '2026-08-06T09:00:00.000+02:00');
INSERT OR REPLACE INTO course_sessions (id, course_id, start_datetime) VALUES ('en_t1_b1_course_s31', 'en_t1_b1', '2026-08-13T09:00:00.000+02:00');
INSERT OR REPLACE INTO course_sessions (id, course_id, start_datetime) VALUES ('en_t1_b1_course_s32', 'en_t1_b1', '2026-08-20T09:00:00.000+02:00');
INSERT OR REPLACE INTO course_sessions (id, course_id, start_datetime) VALUES ('en_t1_b1_course_s33', 'en_t1_b1', '2026-08-27T09:00:00.000+02:00');
INSERT OR REPLACE INTO course_sessions (id, course_id, start_datetime) VALUES ('en_t1_b1_course_s34', 'en_t1_b1', '2026-09-03T09:00:00.000+02:00');
INSERT OR REPLACE INTO course_sessions (id, course_id, start_datetime) VALUES ('en_t1_b1_course_s35', 'en_t1_b1', '2026-09-10T09:00:00.000+02:00');
INSERT OR REPLACE INTO course_sessions (id, course_id, start_datetime) VALUES ('en_t1_b1_course_s36', 'en_t1_b1', '2026-09-17T09:00:00.000+02:00');
INSERT OR REPLACE INTO courses (id, teacher_id, group_reference, time_zone, duration_minutes) VALUES ('en_t1_b2', 'en_t1', 'Group 4', 'Europe/Warsaw', 60);
INSERT OR REPLACE INTO course_sessions (id, course_id, start_datetime) VALUES ('en_t1_b2_course_s1', 'en_t1_b2', '2026-01-16T09:00:00.000+01:00');
INSERT OR REPLACE INTO course_sessions (id, course_id, start_datetime) VALUES ('en_t1_b2_course_s2', 'en_t1_b2', '2026-01-23T09:00:00.000+01:00');
INSERT OR REPLACE INTO course_sessions (id, course_id, start_datetime) VALUES ('en_t1_b2_course_s3', 'en_t1_b2', '2026-01-30T09:00:00.000+01:00');
INSERT OR REPLACE INTO course_sessions (id, course_id, start_datetime) VALUES ('en_t1_b2_course_s4', 'en_t1_b2', '2026-02-06T09:00:00.000+01:00');
INSERT OR REPLACE INTO course_sessions (id, course_id, start_datetime) VALUES ('en_t1_b2_course_s5', 'en_t1_b2', '2026-02-13T09:00:00.000+01:00');
INSERT OR REPLACE INTO course_sessions (id, course_id, start_datetime) VALUES ('en_t1_b2_course_s6', 'en_t1_b2', '2026-02-20T09:00:00.000+01:00');
INSERT OR REPLACE INTO course_sessions (id, course_id, start_datetime) VALUES ('en_t1_b2_course_s7', 'en_t1_b2', '2026-02-27T09:00:00.000+01:00');
INSERT OR REPLACE INTO course_sessions (id, course_id, start_datetime) VALUES ('en_t1_b2_course_s8', 'en_t1_b2', '2026-03-06T09:00:00.000+01:00');
INSERT OR REPLACE INTO course_sessions (id, course_id, start_datetime) VALUES ('en_t1_b2_course_s9', 'en_t1_b2', '2026-03-13T09:00:00.000+01:00');
INSERT OR REPLACE INTO course_sessions (id, course_id, start_datetime) VALUES ('en_t1_b2_course_s10', 'en_t1_b2', '2026-03-20T09:00:00.000+01:00');
INSERT OR REPLACE INTO course_sessions (id, course_id, start_datetime) VALUES ('en_t1_b2_course_s11', 'en_t1_b2', '2026-03-27T09:00:00.000+01:00');
INSERT OR REPLACE INTO course_sessions (id, course_id, start_datetime) VALUES ('en_t1_b2_course_s12', 'en_t1_b2', '2026-04-03T09:00:00.000+02:00');
INSERT OR REPLACE INTO course_sessions (id, course_id, start_datetime) VALUES ('en_t1_b2_course_s13', 'en_t1_b2', '2026-04-10T09:00:00.000+02:00');
INSERT OR REPLACE INTO course_sessions (id, course_id, start_datetime) VALUES ('en_t1_b2_course_s14', 'en_t1_b2', '2026-04-17T09:00:00.000+02:00');
INSERT OR REPLACE INTO course_sessions (id, course_id, start_datetime) VALUES ('en_t1_b2_course_s15', 'en_t1_b2', '2026-04-24T09:00:00.000+02:00');
INSERT OR REPLACE INTO course_sessions (id, course_id, start_datetime) VALUES ('en_t1_b2_course_s16', 'en_t1_b2', '2026-05-01T09:00:00.000+02:00');
INSERT OR REPLACE INTO course_sessions (id, course_id, start_datetime) VALUES ('en_t1_b2_course_s17', 'en_t1_b2', '2026-05-08T09:00:00.000+02:00');
INSERT OR REPLACE INTO course_sessions (id, course_id, start_datetime) VALUES ('en_t1_b2_course_s18', 'en_t1_b2', '2026-05-15T09:00:00.000+02:00');
INSERT OR REPLACE INTO course_sessions (id, course_id, start_datetime) VALUES ('en_t1_b2_course_s19', 'en_t1_b2', '2026-05-22T09:00:00.000+02:00');
INSERT OR REPLACE INTO course_sessions (id, course_id, start_datetime) VALUES ('en_t1_b2_course_s20', 'en_t1_b2', '2026-05-29T09:00:00.000+02:00');
INSERT OR REPLACE INTO course_sessions (id, course_id, start_datetime) VALUES ('en_t1_b2_course_s21', 'en_t1_b2', '2026-06-05T09:00:00.000+02:00');
INSERT OR REPLACE INTO course_sessions (id, course_id, start_datetime) VALUES ('en_t1_b2_course_s22', 'en_t1_b2', '2026-06-12T09:00:00.000+02:00');
INSERT OR REPLACE INTO course_sessions (id, course_id, start_datetime) VALUES ('en_t1_b2_course_s23', 'en_t1_b2', '2026-06-19T09:00:00.000+02:00');
INSERT OR REPLACE INTO course_sessions (id, course_id, start_datetime) VALUES ('en_t1_b2_course_s24', 'en_t1_b2', '2026-06-26T09:00:00.000+02:00');
INSERT OR REPLACE INTO course_sessions (id, course_id, start_datetime) VALUES ('en_t1_b2_course_s25', 'en_t1_b2', '2026-07-03T09:00:00.000+02:00');
INSERT OR REPLACE INTO course_sessions (id, course_id, start_datetime) VALUES ('en_t1_b2_course_s26', 'en_t1_b2', '2026-07-10T09:00:00.000+02:00');
INSERT OR REPLACE INTO course_sessions (id, course_id, start_datetime) VALUES ('en_t1_b2_course_s27', 'en_t1_b2', '2026-07-17T09:00:00.000+02:00');
INSERT OR REPLACE INTO course_sessions (id, course_id, start_datetime) VALUES ('en_t1_b2_course_s28', 'en_t1_b2', '2026-07-24T09:00:00.000+02:00');
INSERT OR REPLACE INTO course_sessions (id, course_id, start_datetime) VALUES ('en_t1_b2_course_s29', 'en_t1_b2', '2026-07-31T09:00:00.000+02:00');
INSERT OR REPLACE INTO course_sessions (id, course_id, start_datetime) VALUES ('en_t1_b2_course_s30', 'en_t1_b2', '2026-08-07T09:00:00.000+02:00');
INSERT OR REPLACE INTO course_sessions (id, course_id, start_datetime) VALUES ('en_t1_b2_course_s31', 'en_t1_b2', '2026-08-14T09:00:00.000+02:00');
INSERT OR REPLACE INTO course_sessions (id, course_id, start_datetime) VALUES ('en_t1_b2_course_s32', 'en_t1_b2', '2026-08-21T09:00:00.000+02:00');
INSERT OR REPLACE INTO course_sessions (id, course_id, start_datetime) VALUES ('en_t1_b2_course_s33', 'en_t1_b2', '2026-08-28T09:00:00.000+02:00');
INSERT OR REPLACE INTO course_sessions (id, course_id, start_datetime) VALUES ('en_t1_b2_course_s34', 'en_t1_b2', '2026-09-04T09:00:00.000+02:00');
INSERT OR REPLACE INTO course_sessions (id, course_id, start_datetime) VALUES ('en_t1_b2_course_s35', 'en_t1_b2', '2026-09-11T09:00:00.000+02:00');
INSERT OR REPLACE INTO course_sessions (id, course_id, start_datetime) VALUES ('en_t1_b2_course_s36', 'en_t1_b2', '2026-09-18T09:00:00.000+02:00');
INSERT OR REPLACE INTO courses (id, teacher_id, group_reference, time_zone, duration_minutes) VALUES ('en_t1_b4', 'en_t1', 'Group 6', 'Europe/Warsaw', 60);
INSERT OR REPLACE INTO course_sessions (id, course_id, start_datetime) VALUES ('en_t1_b4_course_s1', 'en_t1_b4', '2026-01-14T09:00+01:00');
INSERT OR REPLACE INTO course_sessions (id, course_id, start_datetime) VALUES ('en_t1_b4_course_s2', 'en_t1_b4', '2026-01-21T09:00+01:00');
INSERT OR REPLACE INTO course_sessions (id, course_id, start_datetime) VALUES ('en_t1_b4_course_s3', 'en_t1_b4', '2026-01-28T09:00+01:00');
INSERT OR REPLACE INTO course_sessions (id, course_id, start_datetime) VALUES ('en_t1_b4_course_s4', 'en_t1_b4', '2026-02-04T09:00+01:00');
INSERT OR REPLACE INTO course_sessions (id, course_id, start_datetime) VALUES ('en_t1_b4_course_s5', 'en_t1_b4', '2026-02-11T09:00+01:00');
INSERT OR REPLACE INTO course_sessions (id, course_id, start_datetime) VALUES ('en_t1_b4_course_s6', 'en_t1_b4', '2026-02-18T09:00+01:00');
INSERT OR REPLACE INTO course_sessions (id, course_id, start_datetime) VALUES ('en_t1_b4_course_s7', 'en_t1_b4', '2026-02-25T09:00+01:00');
INSERT OR REPLACE INTO course_sessions (id, course_id, start_datetime) VALUES ('en_t1_b4_course_s8', 'en_t1_b4', '2026-03-04T09:00+01:00');
INSERT OR REPLACE INTO course_sessions (id, course_id, start_datetime) VALUES ('en_t1_b4_course_s9', 'en_t1_b4', '2026-03-11T09:00+01:00');
INSERT OR REPLACE INTO course_sessions (id, course_id, start_datetime) VALUES ('en_t1_b4_course_s10', 'en_t1_b4', '2026-03-18T09:00+01:00');
INSERT OR REPLACE INTO course_sessions (id, course_id, start_datetime) VALUES ('en_t1_b4_course_s11', 'en_t1_b4', '2026-03-25T09:00+01:00');
INSERT OR REPLACE INTO course_sessions (id, course_id, start_datetime) VALUES ('en_t1_b4_course_s12', 'en_t1_b4', '2026-04-01T09:00+02:00');
INSERT OR REPLACE INTO course_sessions (id, course_id, start_datetime) VALUES ('en_t1_b4_course_s13', 'en_t1_b4', '2026-04-08T09:00+02:00');
INSERT OR REPLACE INTO course_sessions (id, course_id, start_datetime) VALUES ('en_t1_b4_course_s14', 'en_t1_b4', '2026-04-15T09:00+02:00');
INSERT OR REPLACE INTO course_sessions (id, course_id, start_datetime) VALUES ('en_t1_b4_course_s15', 'en_t1_b4', '2026-04-22T09:00+02:00');
INSERT OR REPLACE INTO course_sessions (id, course_id, start_datetime) VALUES ('en_t1_b4_course_s16', 'en_t1_b4', '2026-04-29T09:00+02:00');
INSERT OR REPLACE INTO course_sessions (id, course_id, start_datetime) VALUES ('en_t1_b4_course_s17', 'en_t1_b4', '2026-05-06T09:00+02:00');
INSERT OR REPLACE INTO course_sessions (id, course_id, start_datetime) VALUES ('en_t1_b4_course_s18', 'en_t1_b4', '2026-05-13T09:00+02:00');
INSERT OR REPLACE INTO course_sessions (id, course_id, start_datetime) VALUES ('en_t1_b4_course_s19', 'en_t1_b4', '2026-05-20T09:00+02:00');
INSERT OR REPLACE INTO course_sessions (id, course_id, start_datetime) VALUES ('en_t1_b4_course_s20', 'en_t1_b4', '2026-05-27T09:00+02:00');
INSERT OR REPLACE INTO course_sessions (id, course_id, start_datetime) VALUES ('en_t1_b4_course_s21', 'en_t1_b4', '2026-06-03T09:00+02:00');
INSERT OR REPLACE INTO course_sessions (id, course_id, start_datetime) VALUES ('en_t1_b4_course_s22', 'en_t1_b4', '2026-06-10T09:00+02:00');
INSERT OR REPLACE INTO course_sessions (id, course_id, start_datetime) VALUES ('en_t1_b4_course_s23', 'en_t1_b4', '2026-06-17T09:00+02:00');
INSERT OR REPLACE INTO course_sessions (id, course_id, start_datetime) VALUES ('en_t1_b4_course_s24', 'en_t1_b4', '2026-06-24T09:00+02:00');
INSERT OR REPLACE INTO course_sessions (id, course_id, start_datetime) VALUES ('en_t1_b4_course_s25', 'en_t1_b4', '2026-07-01T09:00+02:00');
INSERT OR REPLACE INTO course_sessions (id, course_id, start_datetime) VALUES ('en_t1_b4_course_s26', 'en_t1_b4', '2026-07-08T09:00+02:00');
INSERT OR REPLACE INTO course_sessions (id, course_id, start_datetime) VALUES ('en_t1_b4_course_s27', 'en_t1_b4', '2026-07-15T09:00+02:00');
INSERT OR REPLACE INTO course_sessions (id, course_id, start_datetime) VALUES ('en_t1_b4_course_s28', 'en_t1_b4', '2026-07-22T09:00+02:00');
INSERT OR REPLACE INTO course_sessions (id, course_id, start_datetime) VALUES ('en_t1_b4_course_s29', 'en_t1_b4', '2026-07-29T09:00+02:00');
INSERT OR REPLACE INTO course_sessions (id, course_id, start_datetime) VALUES ('en_t1_b4_course_s30', 'en_t1_b4', '2026-08-05T09:00+02:00');
INSERT OR REPLACE INTO course_sessions (id, course_id, start_datetime) VALUES ('en_t1_b4_course_s31', 'en_t1_b4', '2026-08-12T09:00+02:00');
INSERT OR REPLACE INTO course_sessions (id, course_id, start_datetime) VALUES ('en_t1_b4_course_s32', 'en_t1_b4', '2026-08-19T09:00+02:00');
INSERT OR REPLACE INTO course_sessions (id, course_id, start_datetime) VALUES ('en_t1_b4_course_s33', 'en_t1_b4', '2026-08-26T09:00+02:00');
INSERT OR REPLACE INTO course_sessions (id, course_id, start_datetime) VALUES ('en_t1_b4_course_s34', 'en_t1_b4', '2026-09-02T09:00+02:00');
INSERT OR REPLACE INTO course_sessions (id, course_id, start_datetime) VALUES ('en_t1_b4_course_s35', 'en_t1_b4', '2026-09-09T09:00+02:00');
INSERT OR REPLACE INTO course_sessions (id, course_id, start_datetime) VALUES ('en_t1_b4_course_s36', 'en_t1_b4', '2026-09-16T09:00+02:00');
INSERT OR REPLACE INTO courses (id, teacher_id, group_reference, time_zone, duration_minutes) VALUES ('en_t1_b6', 'en_t1', 'Group 11', 'Europe/Warsaw', 60);
INSERT OR REPLACE INTO course_sessions (id, course_id, start_datetime) VALUES ('en_t1_b6_course_s1', 'en_t1_b6', '2026-01-08T10:00+01:00');
INSERT OR REPLACE INTO course_sessions (id, course_id, start_datetime) VALUES ('en_t1_b6_course_s2', 'en_t1_b6', '2026-01-15T10:00+01:00');
INSERT OR REPLACE INTO course_sessions (id, course_id, start_datetime) VALUES ('en_t1_b6_course_s3', 'en_t1_b6', '2026-01-22T10:00+01:00');
INSERT OR REPLACE INTO course_sessions (id, course_id, start_datetime) VALUES ('en_t1_b6_course_s4', 'en_t1_b6', '2026-01-29T10:00+01:00');
INSERT OR REPLACE INTO course_sessions (id, course_id, start_datetime) VALUES ('en_t1_b6_course_s5', 'en_t1_b6', '2026-02-05T10:00+01:00');
INSERT OR REPLACE INTO course_sessions (id, course_id, start_datetime) VALUES ('en_t1_b6_course_s6', 'en_t1_b6', '2026-02-12T10:00+01:00');
INSERT OR REPLACE INTO course_sessions (id, course_id, start_datetime) VALUES ('en_t1_b6_course_s7', 'en_t1_b6', '2026-02-19T10:00+01:00');
INSERT OR REPLACE INTO course_sessions (id, course_id, start_datetime) VALUES ('en_t1_b6_course_s8', 'en_t1_b6', '2026-02-26T10:00+01:00');
INSERT OR REPLACE INTO course_sessions (id, course_id, start_datetime) VALUES ('en_t1_b6_course_s9', 'en_t1_b6', '2026-03-05T10:00+01:00');
INSERT OR REPLACE INTO course_sessions (id, course_id, start_datetime) VALUES ('en_t1_b6_course_s10', 'en_t1_b6', '2026-03-12T10:00+01:00');
INSERT OR REPLACE INTO course_sessions (id, course_id, start_datetime) VALUES ('en_t1_b6_course_s11', 'en_t1_b6', '2026-03-19T10:00+01:00');
INSERT OR REPLACE INTO course_sessions (id, course_id, start_datetime) VALUES ('en_t1_b6_course_s12', 'en_t1_b6', '2026-03-26T10:00+01:00');
INSERT OR REPLACE INTO course_sessions (id, course_id, start_datetime) VALUES ('en_t1_b6_course_s13', 'en_t1_b6', '2026-04-09T10:00+02:00');
INSERT OR REPLACE INTO course_sessions (id, course_id, start_datetime) VALUES ('en_t1_b6_course_s14', 'en_t1_b6', '2026-04-16T10:00+02:00');
INSERT OR REPLACE INTO course_sessions (id, course_id, start_datetime) VALUES ('en_t1_b6_course_s15', 'en_t1_b6', '2026-04-23T10:00+02:00');
INSERT OR REPLACE INTO course_sessions (id, course_id, start_datetime) VALUES ('en_t1_b6_course_s16', 'en_t1_b6', '2026-04-30T10:00+02:00');
INSERT OR REPLACE INTO course_sessions (id, course_id, start_datetime) VALUES ('en_t1_b6_course_s17', 'en_t1_b6', '2026-05-07T10:00+02:00');
INSERT OR REPLACE INTO course_sessions (id, course_id, start_datetime) VALUES ('en_t1_b6_course_s18', 'en_t1_b6', '2026-05-14T10:00+02:00');
INSERT OR REPLACE INTO course_sessions (id, course_id, start_datetime) VALUES ('en_t1_b6_course_s19', 'en_t1_b6', '2026-05-21T10:00+02:00');
INSERT OR REPLACE INTO course_sessions (id, course_id, start_datetime) VALUES ('en_t1_b6_course_s20', 'en_t1_b6', '2026-05-28T10:00+02:00');
INSERT OR REPLACE INTO course_sessions (id, course_id, start_datetime) VALUES ('en_t1_b6_course_s21', 'en_t1_b6', '2026-06-04T10:00+02:00');
INSERT OR REPLACE INTO course_sessions (id, course_id, start_datetime) VALUES ('en_t1_b6_course_s22', 'en_t1_b6', '2026-06-11T10:00+02:00');
INSERT OR REPLACE INTO course_sessions (id, course_id, start_datetime) VALUES ('en_t1_b6_course_s23', 'en_t1_b6', '2026-06-18T10:00+02:00');
INSERT OR REPLACE INTO course_sessions (id, course_id, start_datetime) VALUES ('en_t1_b6_course_s24', 'en_t1_b6', '2026-06-25T10:00+02:00');
INSERT OR REPLACE INTO course_sessions (id, course_id, start_datetime) VALUES ('en_t1_b6_course_s25', 'en_t1_b6', '2026-07-02T10:00+02:00');
INSERT OR REPLACE INTO course_sessions (id, course_id, start_datetime) VALUES ('en_t1_b6_course_s26', 'en_t1_b6', '2026-07-09T10:00+02:00');
INSERT OR REPLACE INTO course_sessions (id, course_id, start_datetime) VALUES ('en_t1_b6_course_s27', 'en_t1_b6', '2026-07-16T10:00+02:00');
INSERT OR REPLACE INTO course_sessions (id, course_id, start_datetime) VALUES ('en_t1_b6_course_s28', 'en_t1_b6', '2026-07-23T10:00+02:00');
INSERT OR REPLACE INTO course_sessions (id, course_id, start_datetime) VALUES ('en_t1_b6_course_s29', 'en_t1_b6', '2026-07-30T10:00+02:00');
INSERT OR REPLACE INTO course_sessions (id, course_id, start_datetime) VALUES ('en_t1_b6_course_s30', 'en_t1_b6', '2026-08-06T10:00+02:00');
INSERT OR REPLACE INTO course_sessions (id, course_id, start_datetime) VALUES ('en_t1_b6_course_s31', 'en_t1_b6', '2026-08-13T10:00+02:00');
INSERT OR REPLACE INTO course_sessions (id, course_id, start_datetime) VALUES ('en_t1_b6_course_s32', 'en_t1_b6', '2026-08-20T10:00+02:00');
INSERT OR REPLACE INTO course_sessions (id, course_id, start_datetime) VALUES ('en_t1_b6_course_s33', 'en_t1_b6', '2026-08-27T10:00+02:00');
INSERT OR REPLACE INTO course_sessions (id, course_id, start_datetime) VALUES ('en_t1_b6_course_s34', 'en_t1_b6', '2026-09-03T10:00+02:00');
INSERT OR REPLACE INTO course_sessions (id, course_id, start_datetime) VALUES ('en_t1_b6_course_s35', 'en_t1_b6', '2026-09-10T10:00+02:00');
INSERT OR REPLACE INTO course_sessions (id, course_id, start_datetime) VALUES ('en_t1_b6_course_s36', 'en_t1_b6', '2026-09-17T10:00+02:00');
INSERT OR REPLACE INTO courses (id, teacher_id, group_reference, time_zone, duration_minutes) VALUES ('en_t1_b8', 'en_t1', 'Group 24', 'America/Los_Angeles', 60);
INSERT OR REPLACE INTO course_sessions (id, course_id, start_datetime) VALUES ('en_t1_b8_course_s1', 'en_t1_b8', '2026-01-06T06:00:00.000-08:00');
INSERT OR REPLACE INTO course_sessions (id, course_id, start_datetime) VALUES ('en_t1_b8_course_s2', 'en_t1_b8', '2026-01-13T06:00:00.000-08:00');
INSERT OR REPLACE INTO course_sessions (id, course_id, start_datetime) VALUES ('en_t1_b8_course_s3', 'en_t1_b8', '2026-01-20T06:00:00.000-08:00');
INSERT OR REPLACE INTO course_sessions (id, course_id, start_datetime) VALUES ('en_t1_b8_course_s4', 'en_t1_b8', '2026-01-27T06:00:00.000-08:00');
INSERT OR REPLACE INTO course_sessions (id, course_id, start_datetime) VALUES ('en_t1_b8_course_s5', 'en_t1_b8', '2026-02-03T06:00:00.000-08:00');
INSERT OR REPLACE INTO course_sessions (id, course_id, start_datetime) VALUES ('en_t1_b8_course_s6', 'en_t1_b8', '2026-02-10T06:00:00.000-08:00');
INSERT OR REPLACE INTO course_sessions (id, course_id, start_datetime) VALUES ('en_t1_b8_course_s7', 'en_t1_b8', '2026-02-17T06:00:00.000-08:00');
INSERT OR REPLACE INTO course_sessions (id, course_id, start_datetime) VALUES ('en_t1_b8_course_s8', 'en_t1_b8', '2026-02-24T06:00:00.000-08:00');
INSERT OR REPLACE INTO course_sessions (id, course_id, start_datetime) VALUES ('en_t1_b8_course_s9', 'en_t1_b8', '2026-03-03T06:00:00.000-08:00');
INSERT OR REPLACE INTO course_sessions (id, course_id, start_datetime) VALUES ('en_t1_b8_course_s10', 'en_t1_b8', '2026-03-10T06:00:00.000-07:00');
INSERT OR REPLACE INTO course_sessions (id, course_id, start_datetime) VALUES ('en_t1_b8_course_s11', 'en_t1_b8', '2026-03-17T06:00:00.000-07:00');
INSERT OR REPLACE INTO course_sessions (id, course_id, start_datetime) VALUES ('en_t1_b8_course_s12', 'en_t1_b8', '2026-03-24T06:00:00.000-07:00');
INSERT OR REPLACE INTO course_sessions (id, course_id, start_datetime) VALUES ('en_t1_b8_course_s13', 'en_t1_b8', '2026-03-31T06:00:00.000-07:00');
INSERT OR REPLACE INTO course_sessions (id, course_id, start_datetime) VALUES ('en_t1_b8_course_s14', 'en_t1_b8', '2026-04-07T06:00:00.000-07:00');
INSERT OR REPLACE INTO course_sessions (id, course_id, start_datetime) VALUES ('en_t1_b8_course_s15', 'en_t1_b8', '2026-04-14T06:00:00.000-07:00');
INSERT OR REPLACE INTO course_sessions (id, course_id, start_datetime) VALUES ('en_t1_b8_course_s16', 'en_t1_b8', '2026-04-21T06:00:00.000-07:00');
INSERT OR REPLACE INTO course_sessions (id, course_id, start_datetime) VALUES ('en_t1_b8_course_s17', 'en_t1_b8', '2026-04-28T06:00:00.000-07:00');
INSERT OR REPLACE INTO course_sessions (id, course_id, start_datetime) VALUES ('en_t1_b8_course_s18', 'en_t1_b8', '2026-05-05T06:00:00.000-07:00');
INSERT OR REPLACE INTO course_sessions (id, course_id, start_datetime) VALUES ('en_t1_b8_course_s19', 'en_t1_b8', '2026-05-12T06:00:00.000-07:00');
INSERT OR REPLACE INTO course_sessions (id, course_id, start_datetime) VALUES ('en_t1_b8_course_s20', 'en_t1_b8', '2026-05-19T06:00:00.000-07:00');
INSERT OR REPLACE INTO course_sessions (id, course_id, start_datetime) VALUES ('en_t1_b8_course_s21', 'en_t1_b8', '2026-05-26T06:00:00.000-07:00');
INSERT OR REPLACE INTO course_sessions (id, course_id, start_datetime) VALUES ('en_t1_b8_course_s22', 'en_t1_b8', '2026-06-02T06:00:00.000-07:00');
INSERT OR REPLACE INTO course_sessions (id, course_id, start_datetime) VALUES ('en_t1_b8_course_s23', 'en_t1_b8', '2026-06-09T06:00:00.000-07:00');
INSERT OR REPLACE INTO course_sessions (id, course_id, start_datetime) VALUES ('en_t1_b8_course_s24', 'en_t1_b8', '2026-06-16T06:00:00.000-07:00');
INSERT OR REPLACE INTO courses (id, teacher_id, group_reference, time_zone, duration_minutes) VALUES ('en_t1_b9', 'en_t1', 'Group 25', 'America/Los_Angeles', 60);
INSERT OR REPLACE INTO course_sessions (id, course_id, start_datetime) VALUES ('en_t1_b9_course_s1', 'en_t1_b9', '2026-01-12T06:00:00.000-08:00');
INSERT OR REPLACE INTO course_sessions (id, course_id, start_datetime) VALUES ('en_t1_b9_course_s2', 'en_t1_b9', '2026-01-19T06:00:00.000-08:00');
INSERT OR REPLACE INTO course_sessions (id, course_id, start_datetime) VALUES ('en_t1_b9_course_s3', 'en_t1_b9', '2026-01-26T06:00:00.000-08:00');
INSERT OR REPLACE INTO course_sessions (id, course_id, start_datetime) VALUES ('en_t1_b9_course_s4', 'en_t1_b9', '2026-02-02T06:00:00.000-08:00');
INSERT OR REPLACE INTO course_sessions (id, course_id, start_datetime) VALUES ('en_t1_b9_course_s5', 'en_t1_b9', '2026-02-09T06:00:00.000-08:00');
INSERT OR REPLACE INTO course_sessions (id, course_id, start_datetime) VALUES ('en_t1_b9_course_s6', 'en_t1_b9', '2026-02-16T06:00:00.000-08:00');
INSERT OR REPLACE INTO course_sessions (id, course_id, start_datetime) VALUES ('en_t1_b9_course_s7', 'en_t1_b9', '2026-02-23T06:00:00.000-08:00');
INSERT OR REPLACE INTO course_sessions (id, course_id, start_datetime) VALUES ('en_t1_b9_course_s8', 'en_t1_b9', '2026-03-02T06:00:00.000-08:00');
INSERT OR REPLACE INTO course_sessions (id, course_id, start_datetime) VALUES ('en_t1_b9_course_s9', 'en_t1_b9', '2026-03-09T06:00:00.000-07:00');
INSERT OR REPLACE INTO course_sessions (id, course_id, start_datetime) VALUES ('en_t1_b9_course_s10', 'en_t1_b9', '2026-03-16T06:00:00.000-07:00');
INSERT OR REPLACE INTO course_sessions (id, course_id, start_datetime) VALUES ('en_t1_b9_course_s11', 'en_t1_b9', '2026-03-23T06:00:00.000-07:00');
INSERT OR REPLACE INTO course_sessions (id, course_id, start_datetime) VALUES ('en_t1_b9_course_s12', 'en_t1_b9', '2026-03-30T06:00:00.000-07:00');
INSERT OR REPLACE INTO course_sessions (id, course_id, start_datetime) VALUES ('en_t1_b9_course_s13', 'en_t1_b9', '2026-04-06T06:00:00.000-07:00');
INSERT OR REPLACE INTO course_sessions (id, course_id, start_datetime) VALUES ('en_t1_b9_course_s14', 'en_t1_b9', '2026-04-13T06:00:00.000-07:00');
INSERT OR REPLACE INTO course_sessions (id, course_id, start_datetime) VALUES ('en_t1_b9_course_s15', 'en_t1_b9', '2026-04-20T06:00:00.000-07:00');
INSERT OR REPLACE INTO course_sessions (id, course_id, start_datetime) VALUES ('en_t1_b9_course_s16', 'en_t1_b9', '2026-04-27T06:00:00.000-07:00');
INSERT OR REPLACE INTO course_sessions (id, course_id, start_datetime) VALUES ('en_t1_b9_course_s17', 'en_t1_b9', '2026-05-04T06:00:00.000-07:00');
INSERT OR REPLACE INTO course_sessions (id, course_id, start_datetime) VALUES ('en_t1_b9_course_s18', 'en_t1_b9', '2026-05-11T06:00:00.000-07:00');
INSERT OR REPLACE INTO course_sessions (id, course_id, start_datetime) VALUES ('en_t1_b9_course_s19', 'en_t1_b9', '2026-05-18T06:00:00.000-07:00');
INSERT OR REPLACE INTO course_sessions (id, course_id, start_datetime) VALUES ('en_t1_b9_course_s20', 'en_t1_b9', '2026-05-25T06:00:00.000-07:00');
INSERT OR REPLACE INTO course_sessions (id, course_id, start_datetime) VALUES ('en_t1_b9_course_s21', 'en_t1_b9', '2026-06-01T06:00:00.000-07:00');
INSERT OR REPLACE INTO course_sessions (id, course_id, start_datetime) VALUES ('en_t1_b9_course_s22', 'en_t1_b9', '2026-06-08T06:00:00.000-07:00');
INSERT OR REPLACE INTO course_sessions (id, course_id, start_datetime) VALUES ('en_t1_b9_course_s23', 'en_t1_b9', '2026-06-15T06:00:00.000-07:00');
INSERT OR REPLACE INTO course_sessions (id, course_id, start_datetime) VALUES ('en_t1_b9_course_s24', 'en_t1_b9', '2026-06-22T06:00:00.000-07:00');
INSERT OR REPLACE INTO courses (id, teacher_id, group_reference, time_zone, duration_minutes) VALUES ('en_t1_b10', 'en_t1', 'Group 27', 'America/Los_Angeles', 60);
INSERT OR REPLACE INTO course_sessions (id, course_id, start_datetime) VALUES ('en_t1_b10_course_s1', 'en_t1_b10', '2026-01-07T06:00:00.000-08:00');
INSERT OR REPLACE INTO course_sessions (id, course_id, start_datetime) VALUES ('en_t1_b10_course_s2', 'en_t1_b10', '2026-01-14T06:00:00.000-08:00');
INSERT OR REPLACE INTO course_sessions (id, course_id, start_datetime) VALUES ('en_t1_b10_course_s3', 'en_t1_b10', '2026-01-21T06:00:00.000-08:00');
INSERT OR REPLACE INTO course_sessions (id, course_id, start_datetime) VALUES ('en_t1_b10_course_s4', 'en_t1_b10', '2026-01-28T06:00:00.000-08:00');
INSERT OR REPLACE INTO course_sessions (id, course_id, start_datetime) VALUES ('en_t1_b10_course_s5', 'en_t1_b10', '2026-02-04T06:00:00.000-08:00');
INSERT OR REPLACE INTO course_sessions (id, course_id, start_datetime) VALUES ('en_t1_b10_course_s6', 'en_t1_b10', '2026-02-11T06:00:00.000-08:00');
INSERT OR REPLACE INTO course_sessions (id, course_id, start_datetime) VALUES ('en_t1_b10_course_s7', 'en_t1_b10', '2026-02-18T06:00:00.000-08:00');
INSERT OR REPLACE INTO course_sessions (id, course_id, start_datetime) VALUES ('en_t1_b10_course_s8', 'en_t1_b10', '2026-02-25T06:00:00.000-08:00');
INSERT OR REPLACE INTO course_sessions (id, course_id, start_datetime) VALUES ('en_t1_b10_course_s9', 'en_t1_b10', '2026-03-04T06:00:00.000-08:00');
INSERT OR REPLACE INTO course_sessions (id, course_id, start_datetime) VALUES ('en_t1_b10_course_s10', 'en_t1_b10', '2026-03-11T06:00:00.000-07:00');
INSERT OR REPLACE INTO course_sessions (id, course_id, start_datetime) VALUES ('en_t1_b10_course_s11', 'en_t1_b10', '2026-03-18T06:00:00.000-07:00');
INSERT OR REPLACE INTO course_sessions (id, course_id, start_datetime) VALUES ('en_t1_b10_course_s12', 'en_t1_b10', '2026-03-25T06:00:00.000-07:00');
INSERT OR REPLACE INTO course_sessions (id, course_id, start_datetime) VALUES ('en_t1_b10_course_s13', 'en_t1_b10', '2026-04-01T06:00:00.000-07:00');
INSERT OR REPLACE INTO course_sessions (id, course_id, start_datetime) VALUES ('en_t1_b10_course_s14', 'en_t1_b10', '2026-04-08T06:00:00.000-07:00');
INSERT OR REPLACE INTO course_sessions (id, course_id, start_datetime) VALUES ('en_t1_b10_course_s15', 'en_t1_b10', '2026-04-15T06:00:00.000-07:00');
INSERT OR REPLACE INTO course_sessions (id, course_id, start_datetime) VALUES ('en_t1_b10_course_s16', 'en_t1_b10', '2026-04-22T06:00:00.000-07:00');
INSERT OR REPLACE INTO course_sessions (id, course_id, start_datetime) VALUES ('en_t1_b10_course_s17', 'en_t1_b10', '2026-04-29T06:00:00.000-07:00');
INSERT OR REPLACE INTO course_sessions (id, course_id, start_datetime) VALUES ('en_t1_b10_course_s18', 'en_t1_b10', '2026-05-06T06:00:00.000-07:00');
INSERT OR REPLACE INTO course_sessions (id, course_id, start_datetime) VALUES ('en_t1_b10_course_s19', 'en_t1_b10', '2026-05-13T06:00:00.000-07:00');
INSERT OR REPLACE INTO course_sessions (id, course_id, start_datetime) VALUES ('en_t1_b10_course_s20', 'en_t1_b10', '2026-05-20T06:00:00.000-07:00');
INSERT OR REPLACE INTO course_sessions (id, course_id, start_datetime) VALUES ('en_t1_b10_course_s21', 'en_t1_b10', '2026-05-27T06:00:00.000-07:00');
INSERT OR REPLACE INTO course_sessions (id, course_id, start_datetime) VALUES ('en_t1_b10_course_s22', 'en_t1_b10', '2026-06-03T06:00:00.000-07:00');
INSERT OR REPLACE INTO course_sessions (id, course_id, start_datetime) VALUES ('en_t1_b10_course_s23', 'en_t1_b10', '2026-06-10T06:00:00.000-07:00');
INSERT OR REPLACE INTO course_sessions (id, course_id, start_datetime) VALUES ('en_t1_b10_course_s24', 'en_t1_b10', '2026-06-17T06:00:00.000-07:00');
INSERT OR REPLACE INTO courses (id, teacher_id, group_reference, time_zone, duration_minutes) VALUES ('en_t1_b11', 'en_t1', 'Group 29', 'America/Los_Angeles', 60);
INSERT OR REPLACE INTO course_sessions (id, course_id, start_datetime) VALUES ('en_t1_b11_course_s1', 'en_t1_b11', '2026-01-08T06:00:00.000-08:00');
INSERT OR REPLACE INTO course_sessions (id, course_id, start_datetime) VALUES ('en_t1_b11_course_s2', 'en_t1_b11', '2026-01-15T06:00:00.000-08:00');
INSERT OR REPLACE INTO course_sessions (id, course_id, start_datetime) VALUES ('en_t1_b11_course_s3', 'en_t1_b11', '2026-01-22T06:00:00.000-08:00');
INSERT OR REPLACE INTO course_sessions (id, course_id, start_datetime) VALUES ('en_t1_b11_course_s4', 'en_t1_b11', '2026-01-29T06:00:00.000-08:00');
INSERT OR REPLACE INTO course_sessions (id, course_id, start_datetime) VALUES ('en_t1_b11_course_s5', 'en_t1_b11', '2026-02-05T06:00:00.000-08:00');
INSERT OR REPLACE INTO course_sessions (id, course_id, start_datetime) VALUES ('en_t1_b11_course_s6', 'en_t1_b11', '2026-02-12T06:00:00.000-08:00');
INSERT OR REPLACE INTO course_sessions (id, course_id, start_datetime) VALUES ('en_t1_b11_course_s7', 'en_t1_b11', '2026-02-19T06:00:00.000-08:00');
INSERT OR REPLACE INTO course_sessions (id, course_id, start_datetime) VALUES ('en_t1_b11_course_s8', 'en_t1_b11', '2026-02-26T06:00:00.000-08:00');
INSERT OR REPLACE INTO course_sessions (id, course_id, start_datetime) VALUES ('en_t1_b11_course_s9', 'en_t1_b11', '2026-03-05T06:00:00.000-08:00');
INSERT OR REPLACE INTO course_sessions (id, course_id, start_datetime) VALUES ('en_t1_b11_course_s10', 'en_t1_b11', '2026-03-12T06:00:00.000-07:00');
INSERT OR REPLACE INTO course_sessions (id, course_id, start_datetime) VALUES ('en_t1_b11_course_s11', 'en_t1_b11', '2026-03-19T06:00:00.000-07:00');
INSERT OR REPLACE INTO course_sessions (id, course_id, start_datetime) VALUES ('en_t1_b11_course_s12', 'en_t1_b11', '2026-03-26T06:00:00.000-07:00');
INSERT OR REPLACE INTO course_sessions (id, course_id, start_datetime) VALUES ('en_t1_b11_course_s13', 'en_t1_b11', '2026-04-02T06:00:00.000-07:00');
INSERT OR REPLACE INTO course_sessions (id, course_id, start_datetime) VALUES ('en_t1_b11_course_s14', 'en_t1_b11', '2026-04-09T06:00:00.000-07:00');
INSERT OR REPLACE INTO course_sessions (id, course_id, start_datetime) VALUES ('en_t1_b11_course_s15', 'en_t1_b11', '2026-04-16T06:00:00.000-07:00');
INSERT OR REPLACE INTO course_sessions (id, course_id, start_datetime) VALUES ('en_t1_b11_course_s16', 'en_t1_b11', '2026-04-23T06:00:00.000-07:00');
INSERT OR REPLACE INTO course_sessions (id, course_id, start_datetime) VALUES ('en_t1_b11_course_s17', 'en_t1_b11', '2026-04-30T06:00:00.000-07:00');
INSERT OR REPLACE INTO course_sessions (id, course_id, start_datetime) VALUES ('en_t1_b11_course_s18', 'en_t1_b11', '2026-05-07T06:00:00.000-07:00');
INSERT OR REPLACE INTO course_sessions (id, course_id, start_datetime) VALUES ('en_t1_b11_course_s19', 'en_t1_b11', '2026-05-14T06:00:00.000-07:00');
INSERT OR REPLACE INTO course_sessions (id, course_id, start_datetime) VALUES ('en_t1_b11_course_s20', 'en_t1_b11', '2026-05-21T06:00:00.000-07:00');
INSERT OR REPLACE INTO course_sessions (id, course_id, start_datetime) VALUES ('en_t1_b11_course_s21', 'en_t1_b11', '2026-05-28T06:00:00.000-07:00');
INSERT OR REPLACE INTO course_sessions (id, course_id, start_datetime) VALUES ('en_t1_b11_course_s22', 'en_t1_b11', '2026-06-04T06:00:00.000-07:00');
INSERT OR REPLACE INTO course_sessions (id, course_id, start_datetime) VALUES ('en_t1_b11_course_s23', 'en_t1_b11', '2026-06-11T06:00:00.000-07:00');
INSERT OR REPLACE INTO course_sessions (id, course_id, start_datetime) VALUES ('en_t1_b11_course_s24', 'en_t1_b11', '2026-06-18T06:00:00.000-07:00');
INSERT OR REPLACE INTO courses (id, teacher_id, group_reference, time_zone, duration_minutes) VALUES ('en_t1_b14', 'en_t1', 'Group 32', 'America/Los_Angeles', 60);
INSERT OR REPLACE INTO course_sessions (id, course_id, start_datetime) VALUES ('en_t1_b14_course_s1', 'en_t1_b14', '2026-02-04T16:00+01:00');
INSERT OR REPLACE INTO course_sessions (id, course_id, start_datetime) VALUES ('en_t1_b14_course_s2', 'en_t1_b14', '2026-02-11T16:00+01:00');
INSERT OR REPLACE INTO course_sessions (id, course_id, start_datetime) VALUES ('en_t1_b14_course_s3', 'en_t1_b14', '2026-02-18T16:00+01:00');
INSERT OR REPLACE INTO course_sessions (id, course_id, start_datetime) VALUES ('en_t1_b14_course_s4', 'en_t1_b14', '2026-02-25T16:00+01:00');
INSERT OR REPLACE INTO course_sessions (id, course_id, start_datetime) VALUES ('en_t1_b14_course_s5', 'en_t1_b14', '2026-03-04T16:00+01:00');
INSERT OR REPLACE INTO course_sessions (id, course_id, start_datetime) VALUES ('en_t1_b14_course_s6', 'en_t1_b14', '2026-03-11T15:00+01:00');
INSERT OR REPLACE INTO course_sessions (id, course_id, start_datetime) VALUES ('en_t1_b14_course_s7', 'en_t1_b14', '2026-03-18T15:00+01:00');
INSERT OR REPLACE INTO course_sessions (id, course_id, start_datetime) VALUES ('en_t1_b14_course_s8', 'en_t1_b14', '2026-03-25T15:00+01:00');
INSERT OR REPLACE INTO course_sessions (id, course_id, start_datetime) VALUES ('en_t1_b14_course_s9', 'en_t1_b14', '2026-04-01T16:00+02:00');
INSERT OR REPLACE INTO course_sessions (id, course_id, start_datetime) VALUES ('en_t1_b14_course_s10', 'en_t1_b14', '2026-04-08T16:00+02:00');
INSERT OR REPLACE INTO course_sessions (id, course_id, start_datetime) VALUES ('en_t1_b14_course_s11', 'en_t1_b14', '2026-04-15T16:00+02:00');
INSERT OR REPLACE INTO course_sessions (id, course_id, start_datetime) VALUES ('en_t1_b14_course_s12', 'en_t1_b14', '2026-04-22T16:00+02:00');
INSERT OR REPLACE INTO course_sessions (id, course_id, start_datetime) VALUES ('en_t1_b14_course_s13', 'en_t1_b14', '2026-04-29T16:00+02:00');
INSERT OR REPLACE INTO course_sessions (id, course_id, start_datetime) VALUES ('en_t1_b14_course_s14', 'en_t1_b14', '2026-05-06T16:00+02:00');
INSERT OR REPLACE INTO course_sessions (id, course_id, start_datetime) VALUES ('en_t1_b14_course_s15', 'en_t1_b14', '2026-05-13T16:00+02:00');
INSERT OR REPLACE INTO course_sessions (id, course_id, start_datetime) VALUES ('en_t1_b14_course_s16', 'en_t1_b14', '2026-05-20T16:00+02:00');
INSERT OR REPLACE INTO course_sessions (id, course_id, start_datetime) VALUES ('en_t1_b14_course_s17', 'en_t1_b14', '2026-05-27T16:00+02:00');
INSERT OR REPLACE INTO course_sessions (id, course_id, start_datetime) VALUES ('en_t1_b14_course_s18', 'en_t1_b14', '2026-06-03T16:00+02:00');
INSERT OR REPLACE INTO course_sessions (id, course_id, start_datetime) VALUES ('en_t1_b14_course_s19', 'en_t1_b14', '2026-06-10T16:00+02:00');
INSERT OR REPLACE INTO course_sessions (id, course_id, start_datetime) VALUES ('en_t1_b14_course_s20', 'en_t1_b14', '2026-06-17T16:00+02:00');
INSERT OR REPLACE INTO course_sessions (id, course_id, start_datetime) VALUES ('en_t1_b14_course_s21', 'en_t1_b14', '2026-06-24T16:00+02:00');
INSERT OR REPLACE INTO course_sessions (id, course_id, start_datetime) VALUES ('en_t1_b14_course_s22', 'en_t1_b14', '2026-07-01T16:00+02:00');
INSERT OR REPLACE INTO course_sessions (id, course_id, start_datetime) VALUES ('en_t1_b14_course_s23', 'en_t1_b14', '2026-07-08T16:00+02:00');
INSERT OR REPLACE INTO course_sessions (id, course_id, start_datetime) VALUES ('en_t1_b14_course_s24', 'en_t1_b14', '2026-07-15T16:00+02:00');
INSERT OR REPLACE INTO courses (id, teacher_id, group_reference, time_zone, duration_minutes) VALUES ('en_t1_b15', 'en_t1', 'Group 31', 'America/Los_Angeles', 60);
INSERT OR REPLACE INTO course_sessions (id, course_id, start_datetime) VALUES ('en_t1_b15_course_s1', 'en_t1_b15', '2026-02-03T16:00+01:00');
INSERT OR REPLACE INTO course_sessions (id, course_id, start_datetime) VALUES ('en_t1_b15_course_s2', 'en_t1_b15', '2026-02-10T16:00+01:00');
INSERT OR REPLACE INTO course_sessions (id, course_id, start_datetime) VALUES ('en_t1_b15_course_s3', 'en_t1_b15', '2026-02-17T16:00+01:00');
INSERT OR REPLACE INTO course_sessions (id, course_id, start_datetime) VALUES ('en_t1_b15_course_s4', 'en_t1_b15', '2026-02-24T16:00+01:00');
INSERT OR REPLACE INTO course_sessions (id, course_id, start_datetime) VALUES ('en_t1_b15_course_s5', 'en_t1_b15', '2026-03-03T16:00+01:00');
INSERT OR REPLACE INTO course_sessions (id, course_id, start_datetime) VALUES ('en_t1_b15_course_s6', 'en_t1_b15', '2026-03-10T15:00+01:00');
INSERT OR REPLACE INTO course_sessions (id, course_id, start_datetime) VALUES ('en_t1_b15_course_s7', 'en_t1_b15', '2026-03-17T15:00+01:00');
INSERT OR REPLACE INTO course_sessions (id, course_id, start_datetime) VALUES ('en_t1_b15_course_s8', 'en_t1_b15', '2026-03-24T15:00+01:00');
INSERT OR REPLACE INTO course_sessions (id, course_id, start_datetime) VALUES ('en_t1_b15_course_s9', 'en_t1_b15', '2026-03-31T16:00+02:00');
INSERT OR REPLACE INTO course_sessions (id, course_id, start_datetime) VALUES ('en_t1_b15_course_s10', 'en_t1_b15', '2026-04-07T16:00+02:00');
INSERT OR REPLACE INTO course_sessions (id, course_id, start_datetime) VALUES ('en_t1_b15_course_s11', 'en_t1_b15', '2026-04-14T16:00+02:00');
INSERT OR REPLACE INTO course_sessions (id, course_id, start_datetime) VALUES ('en_t1_b15_course_s12', 'en_t1_b15', '2026-04-21T16:00+02:00');
INSERT OR REPLACE INTO course_sessions (id, course_id, start_datetime) VALUES ('en_t1_b15_course_s13', 'en_t1_b15', '2026-04-28T16:00+02:00');
INSERT OR REPLACE INTO course_sessions (id, course_id, start_datetime) VALUES ('en_t1_b15_course_s14', 'en_t1_b15', '2026-05-05T16:00+02:00');
INSERT OR REPLACE INTO course_sessions (id, course_id, start_datetime) VALUES ('en_t1_b15_course_s15', 'en_t1_b15', '2026-05-12T16:00+02:00');
INSERT OR REPLACE INTO course_sessions (id, course_id, start_datetime) VALUES ('en_t1_b15_course_s16', 'en_t1_b15', '2026-05-19T16:00+02:00');
INSERT OR REPLACE INTO course_sessions (id, course_id, start_datetime) VALUES ('en_t1_b15_course_s17', 'en_t1_b15', '2026-05-26T16:00+02:00');
INSERT OR REPLACE INTO course_sessions (id, course_id, start_datetime) VALUES ('en_t1_b15_course_s18', 'en_t1_b15', '2026-06-02T16:00+02:00');
INSERT OR REPLACE INTO course_sessions (id, course_id, start_datetime) VALUES ('en_t1_b15_course_s19', 'en_t1_b15', '2026-06-09T16:00+02:00');
INSERT OR REPLACE INTO course_sessions (id, course_id, start_datetime) VALUES ('en_t1_b15_course_s20', 'en_t1_b15', '2026-06-16T16:00+02:00');
INSERT OR REPLACE INTO course_sessions (id, course_id, start_datetime) VALUES ('en_t1_b15_course_s21', 'en_t1_b15', '2026-06-23T16:00+02:00');
INSERT OR REPLACE INTO course_sessions (id, course_id, start_datetime) VALUES ('en_t1_b15_course_s22', 'en_t1_b15', '2026-06-30T16:00+02:00');
INSERT OR REPLACE INTO course_sessions (id, course_id, start_datetime) VALUES ('en_t1_b15_course_s23', 'en_t1_b15', '2026-07-07T16:00+02:00');
INSERT OR REPLACE INTO course_sessions (id, course_id, start_datetime) VALUES ('en_t1_b15_course_s24', 'en_t1_b15', '2026-07-14T16:00+02:00');
INSERT OR REPLACE INTO courses (id, teacher_id, group_reference, time_zone, duration_minutes) VALUES ('en_t1_b11', 'en_t1', 'BayerLeverkusen B1 Group2', 'Europe/Warsaw', 60);
INSERT OR REPLACE INTO course_sessions (id, course_id, start_datetime) VALUES ('en_t1_b11_course_s1', 'en_t1_b11', '2026-02-09T09:00+01:00');
INSERT OR REPLACE INTO course_sessions (id, course_id, start_datetime) VALUES ('en_t1_b11_course_s2', 'en_t1_b11', '2026-02-16T09:00+01:00');
INSERT OR REPLACE INTO course_sessions (id, course_id, start_datetime) VALUES ('en_t1_b11_course_s3', 'en_t1_b11', '2026-02-23T09:00+01:00');
INSERT OR REPLACE INTO course_sessions (id, course_id, start_datetime) VALUES ('en_t1_b11_course_s4', 'en_t1_b11', '2026-03-02T09:00+01:00');
INSERT OR REPLACE INTO course_sessions (id, course_id, start_datetime) VALUES ('en_t1_b11_course_s5', 'en_t1_b11', '2026-03-09T09:00+01:00');
INSERT OR REPLACE INTO course_sessions (id, course_id, start_datetime) VALUES ('en_t1_b11_course_s6', 'en_t1_b11', '2026-03-16T09:00+01:00');
INSERT OR REPLACE INTO course_sessions (id, course_id, start_datetime) VALUES ('en_t1_b11_course_s7', 'en_t1_b11', '2026-03-23T09:00+01:00');
INSERT OR REPLACE INTO course_sessions (id, course_id, start_datetime) VALUES ('en_t1_b11_course_s8', 'en_t1_b11', '2026-03-30T09:00+02:00');
INSERT OR REPLACE INTO course_sessions (id, course_id, start_datetime) VALUES ('en_t1_b11_course_s9', 'en_t1_b11', '2026-04-06T09:00+02:00');
INSERT OR REPLACE INTO course_sessions (id, course_id, start_datetime) VALUES ('en_t1_b11_course_s10', 'en_t1_b11', '2026-04-13T09:00+02:00');
INSERT OR REPLACE INTO course_sessions (id, course_id, start_datetime) VALUES ('en_t1_b11_course_s11', 'en_t1_b11', '2026-04-20T09:00+02:00');
INSERT OR REPLACE INTO course_sessions (id, course_id, start_datetime) VALUES ('en_t1_b11_course_s12', 'en_t1_b11', '2026-04-27T09:00+02:00');
INSERT OR REPLACE INTO course_sessions (id, course_id, start_datetime) VALUES ('en_t1_b11_course_s13', 'en_t1_b11', '2026-05-04T09:00+02:00');
INSERT OR REPLACE INTO course_sessions (id, course_id, start_datetime) VALUES ('en_t1_b11_course_s14', 'en_t1_b11', '2026-05-11T09:00+02:00');
INSERT OR REPLACE INTO course_sessions (id, course_id, start_datetime) VALUES ('en_t1_b11_course_s15', 'en_t1_b11', '2026-05-18T09:00+02:00');
INSERT OR REPLACE INTO course_sessions (id, course_id, start_datetime) VALUES ('en_t1_b11_course_s16', 'en_t1_b11', '2026-05-25T09:00+02:00');
INSERT OR REPLACE INTO course_sessions (id, course_id, start_datetime) VALUES ('en_t1_b11_course_s17', 'en_t1_b11', '2026-06-01T09:00+02:00');
INSERT OR REPLACE INTO course_sessions (id, course_id, start_datetime) VALUES ('en_t1_b11_course_s18', 'en_t1_b11', '2026-06-08T09:00+02:00');
INSERT OR REPLACE INTO course_sessions (id, course_id, start_datetime) VALUES ('en_t1_b11_course_s19', 'en_t1_b11', '2026-06-15T09:00+02:00');
INSERT OR REPLACE INTO course_sessions (id, course_id, start_datetime) VALUES ('en_t1_b11_course_s20', 'en_t1_b11', '2026-06-22T09:00+02:00');
INSERT OR REPLACE INTO course_sessions (id, course_id, start_datetime) VALUES ('en_t1_b11_course_s21', 'en_t1_b11', '2026-06-29T09:00+02:00');
INSERT OR REPLACE INTO course_sessions (id, course_id, start_datetime) VALUES ('en_t1_b11_course_s22', 'en_t1_b11', '2026-07-06T09:00+02:00');
INSERT OR REPLACE INTO course_sessions (id, course_id, start_datetime) VALUES ('en_t1_b11_course_s23', 'en_t1_b11', '2026-07-13T09:00+02:00');
INSERT OR REPLACE INTO course_sessions (id, course_id, start_datetime) VALUES ('en_t1_b11_course_s24', 'en_t1_b11', '2026-07-20T09:00+02:00');
INSERT OR REPLACE INTO course_sessions (id, course_id, start_datetime) VALUES ('en_t1_b11_course_s25', 'en_t1_b11', '2026-07-27T09:00+02:00');
INSERT OR REPLACE INTO course_sessions (id, course_id, start_datetime) VALUES ('en_t1_b11_course_s26', 'en_t1_b11', '2026-08-03T09:00+02:00');
INSERT OR REPLACE INTO course_sessions (id, course_id, start_datetime) VALUES ('en_t1_b11_course_s27', 'en_t1_b11', '2026-08-10T09:00+02:00');
INSERT OR REPLACE INTO course_sessions (id, course_id, start_datetime) VALUES ('en_t1_b11_course_s28', 'en_t1_b11', '2026-08-17T09:00+02:00');
INSERT OR REPLACE INTO course_sessions (id, course_id, start_datetime) VALUES ('en_t1_b11_course_s29', 'en_t1_b11', '2026-08-24T09:00+02:00');
INSERT OR REPLACE INTO course_sessions (id, course_id, start_datetime) VALUES ('en_t1_b11_course_s30', 'en_t1_b11', '2026-08-31T09:00+02:00');
INSERT OR REPLACE INTO course_sessions (id, course_id, start_datetime) VALUES ('en_t1_b11_course_s31', 'en_t1_b11', '2026-09-07T09:00+02:00');
INSERT OR REPLACE INTO course_sessions (id, course_id, start_datetime) VALUES ('en_t1_b11_course_s32', 'en_t1_b11', '2026-09-14T09:00+02:00');
INSERT OR REPLACE INTO course_sessions (id, course_id, start_datetime) VALUES ('en_t1_b11_course_s33', 'en_t1_b11', '2026-09-21T09:00+02:00');
INSERT OR REPLACE INTO course_sessions (id, course_id, start_datetime) VALUES ('en_t1_b11_course_s34', 'en_t1_b11', '2026-09-28T09:00+02:00');
INSERT OR REPLACE INTO course_sessions (id, course_id, start_datetime) VALUES ('en_t1_b11_course_s35', 'en_t1_b11', '2026-10-05T09:00+02:00');
INSERT OR REPLACE INTO course_sessions (id, course_id, start_datetime) VALUES ('en_t1_b11_course_s36', 'en_t1_b11', '2026-10-12T09:00+02:00');
INSERT OR REPLACE INTO courses (id, teacher_id, group_reference, time_zone, duration_minutes) VALUES ('en_t1_b12', 'en_t1', 'BayerLeverkusen B1 Group3', 'Europe/Warsaw', 60);
INSERT OR REPLACE INTO course_sessions (id, course_id, start_datetime) VALUES ('en_t1_b12_course_s1', 'en_t1_b12', '2026-02-10T09:00+01:00');
INSERT OR REPLACE INTO course_sessions (id, course_id, start_datetime) VALUES ('en_t1_b12_course_s2', 'en_t1_b12', '2026-02-17T09:00+01:00');
INSERT OR REPLACE INTO course_sessions (id, course_id, start_datetime) VALUES ('en_t1_b12_course_s3', 'en_t1_b12', '2026-02-24T09:00+01:00');
INSERT OR REPLACE INTO course_sessions (id, course_id, start_datetime) VALUES ('en_t1_b12_course_s4', 'en_t1_b12', '2026-03-03T09:00+01:00');
INSERT OR REPLACE INTO course_sessions (id, course_id, start_datetime) VALUES ('en_t1_b12_course_s5', 'en_t1_b12', '2026-03-10T09:00+01:00');
INSERT OR REPLACE INTO course_sessions (id, course_id, start_datetime) VALUES ('en_t1_b12_course_s6', 'en_t1_b12', '2026-03-17T09:00+01:00');
INSERT OR REPLACE INTO course_sessions (id, course_id, start_datetime) VALUES ('en_t1_b12_course_s7', 'en_t1_b12', '2026-03-24T09:00+01:00');
INSERT OR REPLACE INTO course_sessions (id, course_id, start_datetime) VALUES ('en_t1_b12_course_s8', 'en_t1_b12', '2026-03-31T09:00+02:00');
INSERT OR REPLACE INTO course_sessions (id, course_id, start_datetime) VALUES ('en_t1_b12_course_s9', 'en_t1_b12', '2026-04-07T09:00+02:00');
INSERT OR REPLACE INTO course_sessions (id, course_id, start_datetime) VALUES ('en_t1_b12_course_s10', 'en_t1_b12', '2026-04-14T09:00+02:00');
INSERT OR REPLACE INTO course_sessions (id, course_id, start_datetime) VALUES ('en_t1_b12_course_s11', 'en_t1_b12', '2026-04-21T09:00+02:00');
INSERT OR REPLACE INTO course_sessions (id, course_id, start_datetime) VALUES ('en_t1_b12_course_s12', 'en_t1_b12', '2026-04-28T09:00+02:00');
INSERT OR REPLACE INTO course_sessions (id, course_id, start_datetime) VALUES ('en_t1_b12_course_s13', 'en_t1_b12', '2026-05-05T09:00+02:00');
INSERT OR REPLACE INTO course_sessions (id, course_id, start_datetime) VALUES ('en_t1_b12_course_s14', 'en_t1_b12', '2026-05-12T09:00+02:00');
INSERT OR REPLACE INTO course_sessions (id, course_id, start_datetime) VALUES ('en_t1_b12_course_s15', 'en_t1_b12', '2026-05-19T09:00+02:00');
INSERT OR REPLACE INTO course_sessions (id, course_id, start_datetime) VALUES ('en_t1_b12_course_s16', 'en_t1_b12', '2026-05-26T09:00+02:00');
INSERT OR REPLACE INTO course_sessions (id, course_id, start_datetime) VALUES ('en_t1_b12_course_s17', 'en_t1_b12', '2026-06-02T09:00+02:00');
INSERT OR REPLACE INTO course_sessions (id, course_id, start_datetime) VALUES ('en_t1_b12_course_s18', 'en_t1_b12', '2026-06-09T09:00+02:00');
INSERT OR REPLACE INTO course_sessions (id, course_id, start_datetime) VALUES ('en_t1_b12_course_s19', 'en_t1_b12', '2026-06-16T09:00+02:00');
INSERT OR REPLACE INTO course_sessions (id, course_id, start_datetime) VALUES ('en_t1_b12_course_s20', 'en_t1_b12', '2026-06-23T09:00+02:00');
INSERT OR REPLACE INTO course_sessions (id, course_id, start_datetime) VALUES ('en_t1_b12_course_s21', 'en_t1_b12', '2026-06-30T09:00+02:00');
INSERT OR REPLACE INTO course_sessions (id, course_id, start_datetime) VALUES ('en_t1_b12_course_s22', 'en_t1_b12', '2026-07-07T09:00+02:00');
INSERT OR REPLACE INTO course_sessions (id, course_id, start_datetime) VALUES ('en_t1_b12_course_s23', 'en_t1_b12', '2026-07-14T09:00+02:00');
INSERT OR REPLACE INTO course_sessions (id, course_id, start_datetime) VALUES ('en_t1_b12_course_s24', 'en_t1_b12', '2026-07-21T09:00+02:00');
INSERT OR REPLACE INTO course_sessions (id, course_id, start_datetime) VALUES ('en_t1_b12_course_s25', 'en_t1_b12', '2026-07-28T09:00+02:00');
INSERT OR REPLACE INTO course_sessions (id, course_id, start_datetime) VALUES ('en_t1_b12_course_s26', 'en_t1_b12', '2026-08-04T09:00+02:00');
INSERT OR REPLACE INTO course_sessions (id, course_id, start_datetime) VALUES ('en_t1_b12_course_s27', 'en_t1_b12', '2026-08-11T09:00+02:00');
INSERT OR REPLACE INTO course_sessions (id, course_id, start_datetime) VALUES ('en_t1_b12_course_s28', 'en_t1_b12', '2026-08-18T09:00+02:00');
INSERT OR REPLACE INTO course_sessions (id, course_id, start_datetime) VALUES ('en_t1_b12_course_s29', 'en_t1_b12', '2026-08-25T09:00+02:00');
INSERT OR REPLACE INTO course_sessions (id, course_id, start_datetime) VALUES ('en_t1_b12_course_s30', 'en_t1_b12', '2026-09-01T09:00+02:00');
INSERT OR REPLACE INTO course_sessions (id, course_id, start_datetime) VALUES ('en_t1_b12_course_s31', 'en_t1_b12', '2026-09-08T09:00+02:00');
INSERT OR REPLACE INTO course_sessions (id, course_id, start_datetime) VALUES ('en_t1_b12_course_s32', 'en_t1_b12', '2026-09-15T09:00+02:00');
INSERT OR REPLACE INTO course_sessions (id, course_id, start_datetime) VALUES ('en_t1_b12_course_s33', 'en_t1_b12', '2026-09-22T09:00+02:00');
INSERT OR REPLACE INTO course_sessions (id, course_id, start_datetime) VALUES ('en_t1_b12_course_s34', 'en_t1_b12', '2026-09-29T09:00+02:00');
INSERT OR REPLACE INTO course_sessions (id, course_id, start_datetime) VALUES ('en_t1_b12_course_s35', 'en_t1_b12', '2026-10-06T09:00+02:00');
INSERT OR REPLACE INTO course_sessions (id, course_id, start_datetime) VALUES ('en_t1_b12_course_s36', 'en_t1_b12', '2026-10-13T09:00+02:00');
INSERT OR REPLACE INTO courses (id, teacher_id, group_reference, time_zone, duration_minutes) VALUES ('en_t1_b13', 'en_t1', 'Group 57(a)', 'America/New_York', 60);
INSERT OR REPLACE INTO course_sessions (id, course_id, start_datetime) VALUES ('en_t1_b13_course_s1', 'en_t1_b13', '2026-03-10T16:00+01:00');
INSERT OR REPLACE INTO course_sessions (id, course_id, start_datetime) VALUES ('en_t1_b13_course_s2', 'en_t1_b13', '2026-03-17T16:00+01:00');
INSERT OR REPLACE INTO course_sessions (id, course_id, start_datetime) VALUES ('en_t1_b13_course_s3', 'en_t1_b13', '2026-03-24T16:00+01:00');

INSERT OR REPLACE INTO teachers (id, language, name, username) VALUES ('en_t2', 'en', 'Larelle Foord', NULL);
INSERT OR REPLACE INTO availability_slots (id, teacher_id, weekdays_json, start_time, end_time, start_date, end_date, time_zone) VALUES ('en_t2_a2', 'en_t2', '[1,2,3,4,5]', '09:00', '11:00', '2026-01-04', '2026-12-30', 'Europe/Warsaw');
INSERT OR REPLACE INTO availability_slots (id, teacher_id, weekdays_json, start_time, end_time, start_date, end_date, time_zone) VALUES ('en_t2_a3', 'en_t2', '[1,2,3,4,5]', '15:00', '16:00', '2026-01-04', '2026-12-30', 'Europe/Warsaw');
INSERT OR REPLACE INTO availability_slots (id, teacher_id, weekdays_json, start_time, end_time, start_date, end_date, time_zone) VALUES ('en_t2_a4', 'en_t2', '[1,3,2,4,5]', '11:00', '12:00', '2026-01-31', '2026-12-30', 'Europe/Warsaw');
INSERT OR REPLACE INTO availability_slots (id, teacher_id, weekdays_json, start_time, end_time, start_date, end_date, time_zone) VALUES ('en_t2_a4', 'en_t2', '[1,2,3,4,5]', '14:00', '15:00', '2026-01-31', '2026-12-30', 'Europe/Warsaw');
INSERT OR REPLACE INTO courses (id, teacher_id, group_reference, time_zone, duration_minutes) VALUES ('en_t2_b1', 'en_t2', 'Group 2', 'Europe/Warsaw', 60);
INSERT OR REPLACE INTO course_sessions (id, course_id, start_datetime) VALUES ('en_t2_b1_course_s1', 'en_t2_b1', '2026-01-16T09:00+01:00');
INSERT OR REPLACE INTO course_sessions (id, course_id, start_datetime) VALUES ('en_t2_b1_course_s2', 'en_t2_b1', '2026-01-23T09:00+01:00');
INSERT OR REPLACE INTO course_sessions (id, course_id, start_datetime) VALUES ('en_t2_b1_course_s3', 'en_t2_b1', '2026-01-30T09:00+01:00');
INSERT OR REPLACE INTO course_sessions (id, course_id, start_datetime) VALUES ('en_t2_b1_course_s4', 'en_t2_b1', '2026-02-06T09:00+01:00');
INSERT OR REPLACE INTO course_sessions (id, course_id, start_datetime) VALUES ('en_t2_b1_course_s5', 'en_t2_b1', '2026-02-13T09:00+01:00');
INSERT OR REPLACE INTO course_sessions (id, course_id, start_datetime) VALUES ('en_t2_b1_course_s6', 'en_t2_b1', '2026-02-20T09:00+01:00');
INSERT OR REPLACE INTO course_sessions (id, course_id, start_datetime) VALUES ('en_t2_b1_course_s7', 'en_t2_b1', '2026-02-27T09:00+01:00');
INSERT OR REPLACE INTO course_sessions (id, course_id, start_datetime) VALUES ('en_t2_b1_course_s8', 'en_t2_b1', '2026-03-06T09:00+01:00');
INSERT OR REPLACE INTO course_sessions (id, course_id, start_datetime) VALUES ('en_t2_b1_course_s9', 'en_t2_b1', '2026-03-13T09:00+01:00');
INSERT OR REPLACE INTO course_sessions (id, course_id, start_datetime) VALUES ('en_t2_b1_course_s10', 'en_t2_b1', '2026-03-20T09:00+01:00');
INSERT OR REPLACE INTO course_sessions (id, course_id, start_datetime) VALUES ('en_t2_b1_course_s11', 'en_t2_b1', '2026-03-27T09:00+01:00');
INSERT OR REPLACE INTO course_sessions (id, course_id, start_datetime) VALUES ('en_t2_b1_course_s12', 'en_t2_b1', '2026-04-03T09:00+02:00');
INSERT OR REPLACE INTO course_sessions (id, course_id, start_datetime) VALUES ('en_t2_b1_course_s13', 'en_t2_b1', '2026-04-10T09:00+02:00');
INSERT OR REPLACE INTO course_sessions (id, course_id, start_datetime) VALUES ('en_t2_b1_course_s14', 'en_t2_b1', '2026-04-17T09:00+02:00');
INSERT OR REPLACE INTO course_sessions (id, course_id, start_datetime) VALUES ('en_t2_b1_course_s15', 'en_t2_b1', '2026-04-24T09:00+02:00');
INSERT OR REPLACE INTO course_sessions (id, course_id, start_datetime) VALUES ('en_t2_b1_course_s16', 'en_t2_b1', '2026-05-01T09:00+02:00');
INSERT OR REPLACE INTO course_sessions (id, course_id, start_datetime) VALUES ('en_t2_b1_course_s17', 'en_t2_b1', '2026-05-08T09:00+02:00');
INSERT OR REPLACE INTO course_sessions (id, course_id, start_datetime) VALUES ('en_t2_b1_course_s18', 'en_t2_b1', '2026-05-15T09:00+02:00');
INSERT OR REPLACE INTO course_sessions (id, course_id, start_datetime) VALUES ('en_t2_b1_course_s19', 'en_t2_b1', '2026-05-22T09:00+02:00');
INSERT OR REPLACE INTO course_sessions (id, course_id, start_datetime) VALUES ('en_t2_b1_course_s20', 'en_t2_b1', '2026-05-29T09:00+02:00');
INSERT OR REPLACE INTO course_sessions (id, course_id, start_datetime) VALUES ('en_t2_b1_course_s21', 'en_t2_b1', '2026-06-05T09:00+02:00');
INSERT OR REPLACE INTO course_sessions (id, course_id, start_datetime) VALUES ('en_t2_b1_course_s22', 'en_t2_b1', '2026-06-12T09:00+02:00');
INSERT OR REPLACE INTO course_sessions (id, course_id, start_datetime) VALUES ('en_t2_b1_course_s23', 'en_t2_b1', '2026-06-19T09:00+02:00');
INSERT OR REPLACE INTO course_sessions (id, course_id, start_datetime) VALUES ('en_t2_b1_course_s24', 'en_t2_b1', '2026-06-26T09:00+02:00');
INSERT OR REPLACE INTO course_sessions (id, course_id, start_datetime) VALUES ('en_t2_b1_course_s25', 'en_t2_b1', '2026-07-03T09:00+02:00');
INSERT OR REPLACE INTO course_sessions (id, course_id, start_datetime) VALUES ('en_t2_b1_course_s26', 'en_t2_b1', '2026-07-10T09:00+02:00');
INSERT OR REPLACE INTO course_sessions (id, course_id, start_datetime) VALUES ('en_t2_b1_course_s27', 'en_t2_b1', '2026-07-17T09:00+02:00');
INSERT OR REPLACE INTO course_sessions (id, course_id, start_datetime) VALUES ('en_t2_b1_course_s28', 'en_t2_b1', '2026-07-24T09:00+02:00');
INSERT OR REPLACE INTO course_sessions (id, course_id, start_datetime) VALUES ('en_t2_b1_course_s29', 'en_t2_b1', '2026-07-31T09:00+02:00');
INSERT OR REPLACE INTO course_sessions (id, course_id, start_datetime) VALUES ('en_t2_b1_course_s30', 'en_t2_b1', '2026-08-07T09:00+02:00');
INSERT OR REPLACE INTO course_sessions (id, course_id, start_datetime) VALUES ('en_t2_b1_course_s31', 'en_t2_b1', '2026-08-14T09:00+02:00');
INSERT OR REPLACE INTO course_sessions (id, course_id, start_datetime) VALUES ('en_t2_b1_course_s32', 'en_t2_b1', '2026-08-21T09:00+02:00');
INSERT OR REPLACE INTO course_sessions (id, course_id, start_datetime) VALUES ('en_t2_b1_course_s33', 'en_t2_b1', '2026-08-28T09:00+02:00');
INSERT OR REPLACE INTO course_sessions (id, course_id, start_datetime) VALUES ('en_t2_b1_course_s34', 'en_t2_b1', '2026-09-04T09:00+02:00');
INSERT OR REPLACE INTO course_sessions (id, course_id, start_datetime) VALUES ('en_t2_b1_course_s35', 'en_t2_b1', '2026-09-11T09:00+02:00');
INSERT OR REPLACE INTO course_sessions (id, course_id, start_datetime) VALUES ('en_t2_b1_course_s36', 'en_t2_b1', '2026-09-18T09:00+02:00');
INSERT OR REPLACE INTO courses (id, teacher_id, group_reference, time_zone, duration_minutes) VALUES ('en_t2_b4', 'en_t2', 'Group 3', 'Europe/Warsaw', 60);
INSERT OR REPLACE INTO course_sessions (id, course_id, start_datetime) VALUES ('en_t2_b4_course_s1', 'en_t2_b4', '2026-01-15T09:00+01:00');
INSERT OR REPLACE INTO course_sessions (id, course_id, start_datetime) VALUES ('en_t2_b4_course_s2', 'en_t2_b4', '2026-01-22T09:00+01:00');
INSERT OR REPLACE INTO course_sessions (id, course_id, start_datetime) VALUES ('en_t2_b4_course_s3', 'en_t2_b4', '2026-01-29T09:00+01:00');
INSERT OR REPLACE INTO course_sessions (id, course_id, start_datetime) VALUES ('en_t2_b4_course_s4', 'en_t2_b4', '2026-02-05T09:00+01:00');
INSERT OR REPLACE INTO course_sessions (id, course_id, start_datetime) VALUES ('en_t2_b4_course_s5', 'en_t2_b4', '2026-02-12T09:00+01:00');
INSERT OR REPLACE INTO course_sessions (id, course_id, start_datetime) VALUES ('en_t2_b4_course_s6', 'en_t2_b4', '2026-02-19T09:00+01:00');
INSERT OR REPLACE INTO course_sessions (id, course_id, start_datetime) VALUES ('en_t2_b4_course_s7', 'en_t2_b4', '2026-02-26T09:00+01:00');
INSERT OR REPLACE INTO course_sessions (id, course_id, start_datetime) VALUES ('en_t2_b4_course_s8', 'en_t2_b4', '2026-03-05T09:00+01:00');
INSERT OR REPLACE INTO course_sessions (id, course_id, start_datetime) VALUES ('en_t2_b4_course_s9', 'en_t2_b4', '2026-03-12T09:00+01:00');
INSERT OR REPLACE INTO course_sessions (id, course_id, start_datetime) VALUES ('en_t2_b4_course_s10', 'en_t2_b4', '2026-03-19T09:00+01:00');
INSERT OR REPLACE INTO course_sessions (id, course_id, start_datetime) VALUES ('en_t2_b4_course_s11', 'en_t2_b4', '2026-03-26T09:00+01:00');
INSERT OR REPLACE INTO course_sessions (id, course_id, start_datetime) VALUES ('en_t2_b4_course_s12', 'en_t2_b4', '2026-04-02T09:00+02:00');
INSERT OR REPLACE INTO course_sessions (id, course_id, start_datetime) VALUES ('en_t2_b4_course_s13', 'en_t2_b4', '2026-04-09T09:00+02:00');
INSERT OR REPLACE INTO course_sessions (id, course_id, start_datetime) VALUES ('en_t2_b4_course_s14', 'en_t2_b4', '2026-04-16T09:00+02:00');
INSERT OR REPLACE INTO course_sessions (id, course_id, start_datetime) VALUES ('en_t2_b4_course_s15', 'en_t2_b4', '2026-04-23T09:00+02:00');
INSERT OR REPLACE INTO course_sessions (id, course_id, start_datetime) VALUES ('en_t2_b4_course_s16', 'en_t2_b4', '2026-04-30T09:00+02:00');
INSERT OR REPLACE INTO course_sessions (id, course_id, start_datetime) VALUES ('en_t2_b4_course_s17', 'en_t2_b4', '2026-05-07T09:00+02:00');
INSERT OR REPLACE INTO course_sessions (id, course_id, start_datetime) VALUES ('en_t2_b4_course_s18', 'en_t2_b4', '2026-05-14T09:00+02:00');
INSERT OR REPLACE INTO course_sessions (id, course_id, start_datetime) VALUES ('en_t2_b4_course_s19', 'en_t2_b4', '2026-05-21T09:00+02:00');
INSERT OR REPLACE INTO course_sessions (id, course_id, start_datetime) VALUES ('en_t2_b4_course_s20', 'en_t2_b4', '2026-05-28T09:00+02:00');
INSERT OR REPLACE INTO course_sessions (id, course_id, start_datetime) VALUES ('en_t2_b4_course_s21', 'en_t2_b4', '2026-06-04T09:00+02:00');
INSERT OR REPLACE INTO course_sessions (id, course_id, start_datetime) VALUES ('en_t2_b4_course_s22', 'en_t2_b4', '2026-06-11T09:00+02:00');
INSERT OR REPLACE INTO course_sessions (id, course_id, start_datetime) VALUES ('en_t2_b4_course_s23', 'en_t2_b4', '2026-06-18T09:00+02:00');
INSERT OR REPLACE INTO course_sessions (id, course_id, start_datetime) VALUES ('en_t2_b4_course_s24', 'en_t2_b4', '2026-06-25T09:00+02:00');
INSERT OR REPLACE INTO course_sessions (id, course_id, start_datetime) VALUES ('en_t2_b4_course_s25', 'en_t2_b4', '2026-07-02T09:00+02:00');
INSERT OR REPLACE INTO course_sessions (id, course_id, start_datetime) VALUES ('en_t2_b4_course_s26', 'en_t2_b4', '2026-07-09T09:00+02:00');
INSERT OR REPLACE INTO course_sessions (id, course_id, start_datetime) VALUES ('en_t2_b4_course_s27', 'en_t2_b4', '2026-07-16T09:00+02:00');
INSERT OR REPLACE INTO course_sessions (id, course_id, start_datetime) VALUES ('en_t2_b4_course_s28', 'en_t2_b4', '2026-07-23T09:00+02:00');
INSERT OR REPLACE INTO course_sessions (id, course_id, start_datetime) VALUES ('en_t2_b4_course_s29', 'en_t2_b4', '2026-07-30T09:00+02:00');
INSERT OR REPLACE INTO course_sessions (id, course_id, start_datetime) VALUES ('en_t2_b4_course_s30', 'en_t2_b4', '2026-08-06T09:00+02:00');
INSERT OR REPLACE INTO course_sessions (id, course_id, start_datetime) VALUES ('en_t2_b4_course_s31', 'en_t2_b4', '2026-08-13T09:00+02:00');
INSERT OR REPLACE INTO course_sessions (id, course_id, start_datetime) VALUES ('en_t2_b4_course_s32', 'en_t2_b4', '2026-08-20T09:00+02:00');
INSERT OR REPLACE INTO course_sessions (id, course_id, start_datetime) VALUES ('en_t2_b4_course_s33', 'en_t2_b4', '2026-08-27T09:00+02:00');
INSERT OR REPLACE INTO course_sessions (id, course_id, start_datetime) VALUES ('en_t2_b4_course_s34', 'en_t2_b4', '2026-09-03T09:00+02:00');
INSERT OR REPLACE INTO course_sessions (id, course_id, start_datetime) VALUES ('en_t2_b4_course_s35', 'en_t2_b4', '2026-09-10T09:00+02:00');
INSERT OR REPLACE INTO course_sessions (id, course_id, start_datetime) VALUES ('en_t2_b4_course_s36', 'en_t2_b4', '2026-09-17T09:00+02:00');
INSERT OR REPLACE INTO courses (id, teacher_id, group_reference, time_zone, duration_minutes) VALUES ('en_t2_b6', 'en_t2', 'Group 13', 'Europe/Warsaw', 60);
INSERT OR REPLACE INTO course_sessions (id, course_id, start_datetime) VALUES ('en_t2_b6_course_s1', 'en_t2_b6', '2026-01-08T10:00+01:00');
INSERT OR REPLACE INTO course_sessions (id, course_id, start_datetime) VALUES ('en_t2_b6_course_s2', 'en_t2_b6', '2026-01-15T10:00+01:00');
INSERT OR REPLACE INTO course_sessions (id, course_id, start_datetime) VALUES ('en_t2_b6_course_s3', 'en_t2_b6', '2026-01-22T10:00+01:00');
INSERT OR REPLACE INTO course_sessions (id, course_id, start_datetime) VALUES ('en_t2_b6_course_s4', 'en_t2_b6', '2026-01-29T10:00+01:00');
INSERT OR REPLACE INTO course_sessions (id, course_id, start_datetime) VALUES ('en_t2_b6_course_s5', 'en_t2_b6', '2026-02-05T10:00+01:00');
INSERT OR REPLACE INTO course_sessions (id, course_id, start_datetime) VALUES ('en_t2_b6_course_s6', 'en_t2_b6', '2026-02-12T10:00+01:00');
INSERT OR REPLACE INTO course_sessions (id, course_id, start_datetime) VALUES ('en_t2_b6_course_s7', 'en_t2_b6', '2026-02-19T10:00+01:00');
INSERT OR REPLACE INTO course_sessions (id, course_id, start_datetime) VALUES ('en_t2_b6_course_s8', 'en_t2_b6', '2026-02-26T10:00+01:00');
INSERT OR REPLACE INTO course_sessions (id, course_id, start_datetime) VALUES ('en_t2_b6_course_s9', 'en_t2_b6', '2026-03-05T10:00+01:00');
INSERT OR REPLACE INTO course_sessions (id, course_id, start_datetime) VALUES ('en_t2_b6_course_s10', 'en_t2_b6', '2026-03-12T10:00+01:00');
INSERT OR REPLACE INTO course_sessions (id, course_id, start_datetime) VALUES ('en_t2_b6_course_s11', 'en_t2_b6', '2026-03-19T10:00+01:00');
INSERT OR REPLACE INTO course_sessions (id, course_id, start_datetime) VALUES ('en_t2_b6_course_s12', 'en_t2_b6', '2026-03-26T10:00+01:00');
INSERT OR REPLACE INTO course_sessions (id, course_id, start_datetime) VALUES ('en_t2_b6_course_s13', 'en_t2_b6', '2026-04-09T10:00+02:00');
INSERT OR REPLACE INTO course_sessions (id, course_id, start_datetime) VALUES ('en_t2_b6_course_s14', 'en_t2_b6', '2026-04-16T10:00+02:00');
INSERT OR REPLACE INTO course_sessions (id, course_id, start_datetime) VALUES ('en_t2_b6_course_s15', 'en_t2_b6', '2026-04-23T10:00+02:00');
INSERT OR REPLACE INTO course_sessions (id, course_id, start_datetime) VALUES ('en_t2_b6_course_s16', 'en_t2_b6', '2026-04-30T10:00+02:00');
INSERT OR REPLACE INTO course_sessions (id, course_id, start_datetime) VALUES ('en_t2_b6_course_s17', 'en_t2_b6', '2026-05-07T10:00+02:00');
INSERT OR REPLACE INTO course_sessions (id, course_id, start_datetime) VALUES ('en_t2_b6_course_s18', 'en_t2_b6', '2026-05-14T10:00+02:00');
INSERT OR REPLACE INTO course_sessions (id, course_id, start_datetime) VALUES ('en_t2_b6_course_s19', 'en_t2_b6', '2026-05-21T10:00+02:00');
INSERT OR REPLACE INTO course_sessions (id, course_id, start_datetime) VALUES ('en_t2_b6_course_s20', 'en_t2_b6', '2026-05-28T10:00+02:00');
INSERT OR REPLACE INTO course_sessions (id, course_id, start_datetime) VALUES ('en_t2_b6_course_s21', 'en_t2_b6', '2026-06-04T10:00+02:00');
INSERT OR REPLACE INTO course_sessions (id, course_id, start_datetime) VALUES ('en_t2_b6_course_s22', 'en_t2_b6', '2026-06-11T10:00+02:00');
INSERT OR REPLACE INTO course_sessions (id, course_id, start_datetime) VALUES ('en_t2_b6_course_s23', 'en_t2_b6', '2026-06-18T10:00+02:00');
INSERT OR REPLACE INTO course_sessions (id, course_id, start_datetime) VALUES ('en_t2_b6_course_s24', 'en_t2_b6', '2026-06-25T10:00+02:00');
INSERT OR REPLACE INTO course_sessions (id, course_id, start_datetime) VALUES ('en_t2_b6_course_s25', 'en_t2_b6', '2026-07-02T10:00+02:00');
INSERT OR REPLACE INTO course_sessions (id, course_id, start_datetime) VALUES ('en_t2_b6_course_s26', 'en_t2_b6', '2026-07-09T10:00+02:00');
INSERT OR REPLACE INTO course_sessions (id, course_id, start_datetime) VALUES ('en_t2_b6_course_s27', 'en_t2_b6', '2026-07-16T10:00+02:00');
INSERT OR REPLACE INTO course_sessions (id, course_id, start_datetime) VALUES ('en_t2_b6_course_s28', 'en_t2_b6', '2026-07-23T10:00+02:00');
INSERT OR REPLACE INTO course_sessions (id, course_id, start_datetime) VALUES ('en_t2_b6_course_s29', 'en_t2_b6', '2026-07-30T10:00+02:00');
INSERT OR REPLACE INTO course_sessions (id, course_id, start_datetime) VALUES ('en_t2_b6_course_s30', 'en_t2_b6', '2026-08-06T10:00+02:00');
INSERT OR REPLACE INTO course_sessions (id, course_id, start_datetime) VALUES ('en_t2_b6_course_s31', 'en_t2_b6', '2026-08-13T10:00+02:00');
INSERT OR REPLACE INTO course_sessions (id, course_id, start_datetime) VALUES ('en_t2_b6_course_s32', 'en_t2_b6', '2026-08-20T10:00+02:00');
INSERT OR REPLACE INTO course_sessions (id, course_id, start_datetime) VALUES ('en_t2_b6_course_s33', 'en_t2_b6', '2026-08-27T10:00+02:00');
INSERT OR REPLACE INTO course_sessions (id, course_id, start_datetime) VALUES ('en_t2_b6_course_s34', 'en_t2_b6', '2026-09-03T10:00+02:00');
INSERT OR REPLACE INTO course_sessions (id, course_id, start_datetime) VALUES ('en_t2_b6_course_s35', 'en_t2_b6', '2026-09-10T10:00+02:00');
INSERT OR REPLACE INTO course_sessions (id, course_id, start_datetime) VALUES ('en_t2_b6_course_s36', 'en_t2_b6', '2026-09-17T10:00+02:00');
INSERT OR REPLACE INTO courses (id, teacher_id, group_reference, time_zone, duration_minutes) VALUES ('en_t2_b7', 'en_t2', 'Group 23', 'America/Los_Angeles', 60);
INSERT OR REPLACE INTO course_sessions (id, course_id, start_datetime) VALUES ('en_t2_b7_course_s1', 'en_t2_b7', '2026-01-07T06:00:00.000-08:00');
INSERT OR REPLACE INTO course_sessions (id, course_id, start_datetime) VALUES ('en_t2_b7_course_s2', 'en_t2_b7', '2026-01-14T06:00:00.000-08:00');
INSERT OR REPLACE INTO course_sessions (id, course_id, start_datetime) VALUES ('en_t2_b7_course_s3', 'en_t2_b7', '2026-01-21T06:00:00.000-08:00');
INSERT OR REPLACE INTO course_sessions (id, course_id, start_datetime) VALUES ('en_t2_b7_course_s4', 'en_t2_b7', '2026-01-28T06:00:00.000-08:00');
INSERT OR REPLACE INTO course_sessions (id, course_id, start_datetime) VALUES ('en_t2_b7_course_s5', 'en_t2_b7', '2026-02-04T06:00:00.000-08:00');
INSERT OR REPLACE INTO course_sessions (id, course_id, start_datetime) VALUES ('en_t2_b7_course_s6', 'en_t2_b7', '2026-02-11T06:00:00.000-08:00');
INSERT OR REPLACE INTO course_sessions (id, course_id, start_datetime) VALUES ('en_t2_b7_course_s7', 'en_t2_b7', '2026-02-18T06:00:00.000-08:00');
INSERT OR REPLACE INTO course_sessions (id, course_id, start_datetime) VALUES ('en_t2_b7_course_s8', 'en_t2_b7', '2026-02-25T06:00:00.000-08:00');
INSERT OR REPLACE INTO course_sessions (id, course_id, start_datetime) VALUES ('en_t2_b7_course_s9', 'en_t2_b7', '2026-03-04T06:00:00.000-08:00');
INSERT OR REPLACE INTO course_sessions (id, course_id, start_datetime) VALUES ('en_t2_b7_course_s10', 'en_t2_b7', '2026-03-11T06:00:00.000-07:00');
INSERT OR REPLACE INTO course_sessions (id, course_id, start_datetime) VALUES ('en_t2_b7_course_s11', 'en_t2_b7', '2026-03-18T06:00:00.000-07:00');
INSERT OR REPLACE INTO course_sessions (id, course_id, start_datetime) VALUES ('en_t2_b7_course_s12', 'en_t2_b7', '2026-03-25T06:00:00.000-07:00');
INSERT OR REPLACE INTO course_sessions (id, course_id, start_datetime) VALUES ('en_t2_b7_course_s13', 'en_t2_b7', '2026-04-01T06:00:00.000-07:00');
INSERT OR REPLACE INTO course_sessions (id, course_id, start_datetime) VALUES ('en_t2_b7_course_s14', 'en_t2_b7', '2026-04-08T06:00:00.000-07:00');
INSERT OR REPLACE INTO course_sessions (id, course_id, start_datetime) VALUES ('en_t2_b7_course_s15', 'en_t2_b7', '2026-04-15T06:00:00.000-07:00');
INSERT OR REPLACE INTO course_sessions (id, course_id, start_datetime) VALUES ('en_t2_b7_course_s16', 'en_t2_b7', '2026-04-22T06:00:00.000-07:00');
INSERT OR REPLACE INTO course_sessions (id, course_id, start_datetime) VALUES ('en_t2_b7_course_s17', 'en_t2_b7', '2026-04-29T06:00:00.000-07:00');
INSERT OR REPLACE INTO course_sessions (id, course_id, start_datetime) VALUES ('en_t2_b7_course_s18', 'en_t2_b7', '2026-05-06T06:00:00.000-07:00');
INSERT OR REPLACE INTO course_sessions (id, course_id, start_datetime) VALUES ('en_t2_b7_course_s19', 'en_t2_b7', '2026-05-13T06:00:00.000-07:00');
INSERT OR REPLACE INTO course_sessions (id, course_id, start_datetime) VALUES ('en_t2_b7_course_s20', 'en_t2_b7', '2026-05-20T06:00:00.000-07:00');
INSERT OR REPLACE INTO course_sessions (id, course_id, start_datetime) VALUES ('en_t2_b7_course_s21', 'en_t2_b7', '2026-05-27T06:00:00.000-07:00');
INSERT OR REPLACE INTO course_sessions (id, course_id, start_datetime) VALUES ('en_t2_b7_course_s22', 'en_t2_b7', '2026-06-03T06:00:00.000-07:00');
INSERT OR REPLACE INTO course_sessions (id, course_id, start_datetime) VALUES ('en_t2_b7_course_s23', 'en_t2_b7', '2026-06-10T06:00:00.000-07:00');
INSERT OR REPLACE INTO course_sessions (id, course_id, start_datetime) VALUES ('en_t2_b7_course_s24', 'en_t2_b7', '2026-06-17T06:00:00.000-07:00');
INSERT OR REPLACE INTO courses (id, teacher_id, group_reference, time_zone, duration_minutes) VALUES ('en_t2_b8', 'en_t2', 'Group 26', 'America/Los_Angeles', 60);
INSERT OR REPLACE INTO course_sessions (id, course_id, start_datetime) VALUES ('en_t2_b8_course_s1', 'en_t2_b8', '2026-01-06T06:00:00.000-08:00');
INSERT OR REPLACE INTO course_sessions (id, course_id, start_datetime) VALUES ('en_t2_b8_course_s2', 'en_t2_b8', '2026-01-13T06:00:00.000-08:00');
INSERT OR REPLACE INTO course_sessions (id, course_id, start_datetime) VALUES ('en_t2_b8_course_s3', 'en_t2_b8', '2026-01-20T06:00:00.000-08:00');
INSERT OR REPLACE INTO course_sessions (id, course_id, start_datetime) VALUES ('en_t2_b8_course_s4', 'en_t2_b8', '2026-01-27T06:00:00.000-08:00');
INSERT OR REPLACE INTO course_sessions (id, course_id, start_datetime) VALUES ('en_t2_b8_course_s5', 'en_t2_b8', '2026-02-03T06:00:00.000-08:00');
INSERT OR REPLACE INTO course_sessions (id, course_id, start_datetime) VALUES ('en_t2_b8_course_s6', 'en_t2_b8', '2026-02-10T06:00:00.000-08:00');
INSERT OR REPLACE INTO course_sessions (id, course_id, start_datetime) VALUES ('en_t2_b8_course_s7', 'en_t2_b8', '2026-02-17T06:00:00.000-08:00');
INSERT OR REPLACE INTO course_sessions (id, course_id, start_datetime) VALUES ('en_t2_b8_course_s8', 'en_t2_b8', '2026-02-24T06:00:00.000-08:00');
INSERT OR REPLACE INTO course_sessions (id, course_id, start_datetime) VALUES ('en_t2_b8_course_s9', 'en_t2_b8', '2026-03-03T06:00:00.000-08:00');
INSERT OR REPLACE INTO course_sessions (id, course_id, start_datetime) VALUES ('en_t2_b8_course_s10', 'en_t2_b8', '2026-03-10T06:00:00.000-07:00');
INSERT OR REPLACE INTO course_sessions (id, course_id, start_datetime) VALUES ('en_t2_b8_course_s11', 'en_t2_b8', '2026-03-17T06:00:00.000-07:00');
INSERT OR REPLACE INTO course_sessions (id, course_id, start_datetime) VALUES ('en_t2_b8_course_s12', 'en_t2_b8', '2026-03-24T06:00:00.000-07:00');
INSERT OR REPLACE INTO course_sessions (id, course_id, start_datetime) VALUES ('en_t2_b8_course_s13', 'en_t2_b8', '2026-03-31T06:00:00.000-07:00');
INSERT OR REPLACE INTO course_sessions (id, course_id, start_datetime) VALUES ('en_t2_b8_course_s14', 'en_t2_b8', '2026-04-07T06:00:00.000-07:00');
INSERT OR REPLACE INTO course_sessions (id, course_id, start_datetime) VALUES ('en_t2_b8_course_s15', 'en_t2_b8', '2026-04-14T06:00:00.000-07:00');
INSERT OR REPLACE INTO course_sessions (id, course_id, start_datetime) VALUES ('en_t2_b8_course_s16', 'en_t2_b8', '2026-04-21T06:00:00.000-07:00');
INSERT OR REPLACE INTO course_sessions (id, course_id, start_datetime) VALUES ('en_t2_b8_course_s17', 'en_t2_b8', '2026-04-28T06:00:00.000-07:00');
INSERT OR REPLACE INTO course_sessions (id, course_id, start_datetime) VALUES ('en_t2_b8_course_s18', 'en_t2_b8', '2026-05-05T06:00:00.000-07:00');
INSERT OR REPLACE INTO course_sessions (id, course_id, start_datetime) VALUES ('en_t2_b8_course_s19', 'en_t2_b8', '2026-05-12T06:00:00.000-07:00');
INSERT OR REPLACE INTO course_sessions (id, course_id, start_datetime) VALUES ('en_t2_b8_course_s20', 'en_t2_b8', '2026-05-19T06:00:00.000-07:00');
INSERT OR REPLACE INTO course_sessions (id, course_id, start_datetime) VALUES ('en_t2_b8_course_s21', 'en_t2_b8', '2026-05-26T06:00:00.000-07:00');
INSERT OR REPLACE INTO course_sessions (id, course_id, start_datetime) VALUES ('en_t2_b8_course_s22', 'en_t2_b8', '2026-06-02T06:00:00.000-07:00');
INSERT OR REPLACE INTO course_sessions (id, course_id, start_datetime) VALUES ('en_t2_b8_course_s23', 'en_t2_b8', '2026-06-09T06:00:00.000-07:00');
INSERT OR REPLACE INTO course_sessions (id, course_id, start_datetime) VALUES ('en_t2_b8_course_s24', 'en_t2_b8', '2026-06-16T06:00:00.000-07:00');
INSERT OR REPLACE INTO courses (id, teacher_id, group_reference, time_zone, duration_minutes) VALUES ('en_t2_b9', 'en_t2', 'Group 28', 'America/Los_Angeles', 60);
INSERT OR REPLACE INTO course_sessions (id, course_id, start_datetime) VALUES ('en_t2_b9_course_s1', 'en_t2_b9', '2026-01-12T06:00:00.000-08:00');
INSERT OR REPLACE INTO course_sessions (id, course_id, start_datetime) VALUES ('en_t2_b9_course_s2', 'en_t2_b9', '2026-01-19T06:00:00.000-08:00');
INSERT OR REPLACE INTO course_sessions (id, course_id, start_datetime) VALUES ('en_t2_b9_course_s3', 'en_t2_b9', '2026-01-26T06:00:00.000-08:00');
INSERT OR REPLACE INTO course_sessions (id, course_id, start_datetime) VALUES ('en_t2_b9_course_s4', 'en_t2_b9', '2026-02-02T06:00:00.000-08:00');
INSERT OR REPLACE INTO course_sessions (id, course_id, start_datetime) VALUES ('en_t2_b9_course_s5', 'en_t2_b9', '2026-02-09T06:00:00.000-08:00');
INSERT OR REPLACE INTO course_sessions (id, course_id, start_datetime) VALUES ('en_t2_b9_course_s6', 'en_t2_b9', '2026-02-16T06:00:00.000-08:00');
INSERT OR REPLACE INTO course_sessions (id, course_id, start_datetime) VALUES ('en_t2_b9_course_s7', 'en_t2_b9', '2026-02-23T06:00:00.000-08:00');
INSERT OR REPLACE INTO course_sessions (id, course_id, start_datetime) VALUES ('en_t2_b9_course_s8', 'en_t2_b9', '2026-03-02T06:00:00.000-08:00');
INSERT OR REPLACE INTO course_sessions (id, course_id, start_datetime) VALUES ('en_t2_b9_course_s9', 'en_t2_b9', '2026-03-09T06:00:00.000-07:00');
INSERT OR REPLACE INTO course_sessions (id, course_id, start_datetime) VALUES ('en_t2_b9_course_s10', 'en_t2_b9', '2026-03-16T06:00:00.000-07:00');
INSERT OR REPLACE INTO course_sessions (id, course_id, start_datetime) VALUES ('en_t2_b9_course_s11', 'en_t2_b9', '2026-03-23T06:00:00.000-07:00');
INSERT OR REPLACE INTO course_sessions (id, course_id, start_datetime) VALUES ('en_t2_b9_course_s12', 'en_t2_b9', '2026-03-30T06:00:00.000-07:00');
INSERT OR REPLACE INTO course_sessions (id, course_id, start_datetime) VALUES ('en_t2_b9_course_s13', 'en_t2_b9', '2026-04-06T06:00:00.000-07:00');
INSERT OR REPLACE INTO course_sessions (id, course_id, start_datetime) VALUES ('en_t2_b9_course_s14', 'en_t2_b9', '2026-04-13T06:00:00.000-07:00');
INSERT OR REPLACE INTO course_sessions (id, course_id, start_datetime) VALUES ('en_t2_b9_course_s15', 'en_t2_b9', '2026-04-20T06:00:00.000-07:00');
INSERT OR REPLACE INTO course_sessions (id, course_id, start_datetime) VALUES ('en_t2_b9_course_s16', 'en_t2_b9', '2026-04-27T06:00:00.000-07:00');
INSERT OR REPLACE INTO course_sessions (id, course_id, start_datetime) VALUES ('en_t2_b9_course_s17', 'en_t2_b9', '2026-05-04T06:00:00.000-07:00');
INSERT OR REPLACE INTO course_sessions (id, course_id, start_datetime) VALUES ('en_t2_b9_course_s18', 'en_t2_b9', '2026-05-11T06:00:00.000-07:00');
INSERT OR REPLACE INTO course_sessions (id, course_id, start_datetime) VALUES ('en_t2_b9_course_s19', 'en_t2_b9', '2026-05-18T06:00:00.000-07:00');
INSERT OR REPLACE INTO course_sessions (id, course_id, start_datetime) VALUES ('en_t2_b9_course_s20', 'en_t2_b9', '2026-05-25T06:00:00.000-07:00');
INSERT OR REPLACE INTO course_sessions (id, course_id, start_datetime) VALUES ('en_t2_b9_course_s21', 'en_t2_b9', '2026-06-01T06:00:00.000-07:00');
INSERT OR REPLACE INTO course_sessions (id, course_id, start_datetime) VALUES ('en_t2_b9_course_s22', 'en_t2_b9', '2026-06-08T06:00:00.000-07:00');
INSERT OR REPLACE INTO course_sessions (id, course_id, start_datetime) VALUES ('en_t2_b9_course_s23', 'en_t2_b9', '2026-06-15T06:00:00.000-07:00');
INSERT OR REPLACE INTO course_sessions (id, course_id, start_datetime) VALUES ('en_t2_b9_course_s24', 'en_t2_b9', '2026-06-22T06:00:00.000-07:00');
INSERT OR REPLACE INTO courses (id, teacher_id, group_reference, time_zone, duration_minutes) VALUES ('en_t2_b11', 'en_t2', 'Group 35', 'America/Los_Angeles', 60);
INSERT OR REPLACE INTO course_sessions (id, course_id, start_datetime) VALUES ('en_t2_b11_course_s1', 'en_t2_b11', '2026-01-08T06:00:00.000-08:00');
INSERT OR REPLACE INTO course_sessions (id, course_id, start_datetime) VALUES ('en_t2_b11_course_s2', 'en_t2_b11', '2026-01-15T06:00:00.000-08:00');
INSERT OR REPLACE INTO course_sessions (id, course_id, start_datetime) VALUES ('en_t2_b11_course_s3', 'en_t2_b11', '2026-01-22T06:00:00.000-08:00');
INSERT OR REPLACE INTO course_sessions (id, course_id, start_datetime) VALUES ('en_t2_b11_course_s4', 'en_t2_b11', '2026-01-29T06:00:00.000-08:00');
INSERT OR REPLACE INTO course_sessions (id, course_id, start_datetime) VALUES ('en_t2_b11_course_s5', 'en_t2_b11', '2026-02-05T06:00:00.000-08:00');
INSERT OR REPLACE INTO course_sessions (id, course_id, start_datetime) VALUES ('en_t2_b11_course_s6', 'en_t2_b11', '2026-02-12T06:00:00.000-08:00');
INSERT OR REPLACE INTO course_sessions (id, course_id, start_datetime) VALUES ('en_t2_b11_course_s7', 'en_t2_b11', '2026-02-19T06:00:00.000-08:00');
INSERT OR REPLACE INTO course_sessions (id, course_id, start_datetime) VALUES ('en_t2_b11_course_s8', 'en_t2_b11', '2026-02-26T06:00:00.000-08:00');
INSERT OR REPLACE INTO course_sessions (id, course_id, start_datetime) VALUES ('en_t2_b11_course_s9', 'en_t2_b11', '2026-03-05T06:00:00.000-08:00');
INSERT OR REPLACE INTO course_sessions (id, course_id, start_datetime) VALUES ('en_t2_b11_course_s10', 'en_t2_b11', '2026-03-12T06:00:00.000-07:00');
INSERT OR REPLACE INTO course_sessions (id, course_id, start_datetime) VALUES ('en_t2_b11_course_s11', 'en_t2_b11', '2026-03-19T06:00:00.000-07:00');
INSERT OR REPLACE INTO course_sessions (id, course_id, start_datetime) VALUES ('en_t2_b11_course_s12', 'en_t2_b11', '2026-03-26T06:00:00.000-07:00');
INSERT OR REPLACE INTO course_sessions (id, course_id, start_datetime) VALUES ('en_t2_b11_course_s13', 'en_t2_b11', '2026-04-02T06:00:00.000-07:00');
INSERT OR REPLACE INTO course_sessions (id, course_id, start_datetime) VALUES ('en_t2_b11_course_s14', 'en_t2_b11', '2026-04-09T06:00:00.000-07:00');
INSERT OR REPLACE INTO course_sessions (id, course_id, start_datetime) VALUES ('en_t2_b11_course_s15', 'en_t2_b11', '2026-04-16T06:00:00.000-07:00');
INSERT OR REPLACE INTO course_sessions (id, course_id, start_datetime) VALUES ('en_t2_b11_course_s16', 'en_t2_b11', '2026-04-23T06:00:00.000-07:00');
INSERT OR REPLACE INTO course_sessions (id, course_id, start_datetime) VALUES ('en_t2_b11_course_s17', 'en_t2_b11', '2026-04-30T06:00:00.000-07:00');
INSERT OR REPLACE INTO course_sessions (id, course_id, start_datetime) VALUES ('en_t2_b11_course_s18', 'en_t2_b11', '2026-05-07T06:00:00.000-07:00');
INSERT OR REPLACE INTO course_sessions (id, course_id, start_datetime) VALUES ('en_t2_b11_course_s19', 'en_t2_b11', '2026-05-14T06:00:00.000-07:00');
INSERT OR REPLACE INTO course_sessions (id, course_id, start_datetime) VALUES ('en_t2_b11_course_s20', 'en_t2_b11', '2026-05-21T06:00:00.000-07:00');
INSERT OR REPLACE INTO course_sessions (id, course_id, start_datetime) VALUES ('en_t2_b11_course_s21', 'en_t2_b11', '2026-05-28T06:00:00.000-07:00');
INSERT OR REPLACE INTO course_sessions (id, course_id, start_datetime) VALUES ('en_t2_b11_course_s22', 'en_t2_b11', '2026-06-04T06:00:00.000-07:00');
INSERT OR REPLACE INTO course_sessions (id, course_id, start_datetime) VALUES ('en_t2_b11_course_s23', 'en_t2_b11', '2026-06-11T06:00:00.000-07:00');
INSERT OR REPLACE INTO course_sessions (id, course_id, start_datetime) VALUES ('en_t2_b11_course_s24', 'en_t2_b11', '2026-06-18T06:00:00.000-07:00');
INSERT OR REPLACE INTO courses (id, teacher_id, group_reference, time_zone, duration_minutes) VALUES ('en_t2_b9', 'en_t2', 'Group 30', 'America/Los_Angeles', 60);
INSERT OR REPLACE INTO course_sessions (id, course_id, start_datetime) VALUES ('en_t2_b9_course_s1', 'en_t2_b9', '2026-02-03T16:00+01:00');
INSERT OR REPLACE INTO course_sessions (id, course_id, start_datetime) VALUES ('en_t2_b9_course_s2', 'en_t2_b9', '2026-02-10T16:00+01:00');
INSERT OR REPLACE INTO course_sessions (id, course_id, start_datetime) VALUES ('en_t2_b9_course_s3', 'en_t2_b9', '2026-02-17T16:00+01:00');
INSERT OR REPLACE INTO course_sessions (id, course_id, start_datetime) VALUES ('en_t2_b9_course_s4', 'en_t2_b9', '2026-02-24T16:00+01:00');
INSERT OR REPLACE INTO course_sessions (id, course_id, start_datetime) VALUES ('en_t2_b9_course_s5', 'en_t2_b9', '2026-03-03T16:00+01:00');
INSERT OR REPLACE INTO course_sessions (id, course_id, start_datetime) VALUES ('en_t2_b9_course_s6', 'en_t2_b9', '2026-03-10T15:00+01:00');
INSERT OR REPLACE INTO course_sessions (id, course_id, start_datetime) VALUES ('en_t2_b9_course_s7', 'en_t2_b9', '2026-03-17T15:00+01:00');
INSERT OR REPLACE INTO course_sessions (id, course_id, start_datetime) VALUES ('en_t2_b9_course_s8', 'en_t2_b9', '2026-03-24T15:00+01:00');
INSERT OR REPLACE INTO course_sessions (id, course_id, start_datetime) VALUES ('en_t2_b9_course_s9', 'en_t2_b9', '2026-03-31T16:00+02:00');
INSERT OR REPLACE INTO course_sessions (id, course_id, start_datetime) VALUES ('en_t2_b9_course_s10', 'en_t2_b9', '2026-04-07T16:00+02:00');
INSERT OR REPLACE INTO course_sessions (id, course_id, start_datetime) VALUES ('en_t2_b9_course_s11', 'en_t2_b9', '2026-04-14T16:00+02:00');
INSERT OR REPLACE INTO course_sessions (id, course_id, start_datetime) VALUES ('en_t2_b9_course_s12', 'en_t2_b9', '2026-04-21T16:00+02:00');
INSERT OR REPLACE INTO course_sessions (id, course_id, start_datetime) VALUES ('en_t2_b9_course_s13', 'en_t2_b9', '2026-04-28T16:00+02:00');
INSERT OR REPLACE INTO course_sessions (id, course_id, start_datetime) VALUES ('en_t2_b9_course_s14', 'en_t2_b9', '2026-05-05T16:00+02:00');
INSERT OR REPLACE INTO course_sessions (id, course_id, start_datetime) VALUES ('en_t2_b9_course_s15', 'en_t2_b9', '2026-05-12T16:00+02:00');
INSERT OR REPLACE INTO course_sessions (id, course_id, start_datetime) VALUES ('en_t2_b9_course_s16', 'en_t2_b9', '2026-05-19T16:00+02:00');
INSERT OR REPLACE INTO course_sessions (id, course_id, start_datetime) VALUES ('en_t2_b9_course_s17', 'en_t2_b9', '2026-05-26T16:00+02:00');
INSERT OR REPLACE INTO course_sessions (id, course_id, start_datetime) VALUES ('en_t2_b9_course_s18', 'en_t2_b9', '2026-06-02T16:00+02:00');
INSERT OR REPLACE INTO course_sessions (id, course_id, start_datetime) VALUES ('en_t2_b9_course_s19', 'en_t2_b9', '2026-06-09T16:00+02:00');
INSERT OR REPLACE INTO course_sessions (id, course_id, start_datetime) VALUES ('en_t2_b9_course_s20', 'en_t2_b9', '2026-06-16T16:00+02:00');
INSERT OR REPLACE INTO course_sessions (id, course_id, start_datetime) VALUES ('en_t2_b9_course_s21', 'en_t2_b9', '2026-06-23T16:00+02:00');
INSERT OR REPLACE INTO course_sessions (id, course_id, start_datetime) VALUES ('en_t2_b9_course_s22', 'en_t2_b9', '2026-06-30T16:00+02:00');
INSERT OR REPLACE INTO course_sessions (id, course_id, start_datetime) VALUES ('en_t2_b9_course_s23', 'en_t2_b9', '2026-07-07T16:00+02:00');
INSERT OR REPLACE INTO course_sessions (id, course_id, start_datetime) VALUES ('en_t2_b9_course_s24', 'en_t2_b9', '2026-07-14T16:00+02:00');
INSERT OR REPLACE INTO courses (id, teacher_id, group_reference, time_zone, duration_minutes) VALUES ('en_t2_b10', 'en_t2', 'Group 50', 'Europe/Warsaw', 60);
INSERT OR REPLACE INTO course_sessions (id, course_id, start_datetime) VALUES ('en_t2_b10_course_s1', 'en_t2_b10', '2026-02-03T11:00+01:00');
INSERT OR REPLACE INTO course_sessions (id, course_id, start_datetime) VALUES ('en_t2_b10_course_s2', 'en_t2_b10', '2026-02-10T11:00+01:00');
INSERT OR REPLACE INTO course_sessions (id, course_id, start_datetime) VALUES ('en_t2_b10_course_s3', 'en_t2_b10', '2026-02-17T11:00+01:00');
INSERT OR REPLACE INTO course_sessions (id, course_id, start_datetime) VALUES ('en_t2_b10_course_s4', 'en_t2_b10', '2026-02-24T11:00+01:00');
INSERT OR REPLACE INTO course_sessions (id, course_id, start_datetime) VALUES ('en_t2_b10_course_s5', 'en_t2_b10', '2026-03-03T11:00+01:00');
INSERT OR REPLACE INTO course_sessions (id, course_id, start_datetime) VALUES ('en_t2_b10_course_s6', 'en_t2_b10', '2026-03-10T11:00+01:00');
INSERT OR REPLACE INTO course_sessions (id, course_id, start_datetime) VALUES ('en_t2_b10_course_s7', 'en_t2_b10', '2026-03-17T11:00+01:00');
INSERT OR REPLACE INTO course_sessions (id, course_id, start_datetime) VALUES ('en_t2_b10_course_s8', 'en_t2_b10', '2026-03-24T11:00+01:00');
INSERT OR REPLACE INTO course_sessions (id, course_id, start_datetime) VALUES ('en_t2_b10_course_s9', 'en_t2_b10', '2026-03-31T11:00+02:00');
INSERT OR REPLACE INTO course_sessions (id, course_id, start_datetime) VALUES ('en_t2_b10_course_s10', 'en_t2_b10', '2026-04-07T11:00+02:00');
INSERT OR REPLACE INTO course_sessions (id, course_id, start_datetime) VALUES ('en_t2_b10_course_s11', 'en_t2_b10', '2026-04-14T11:00+02:00');
INSERT OR REPLACE INTO course_sessions (id, course_id, start_datetime) VALUES ('en_t2_b10_course_s12', 'en_t2_b10', '2026-04-21T11:00+02:00');
INSERT OR REPLACE INTO course_sessions (id, course_id, start_datetime) VALUES ('en_t2_b10_course_s13', 'en_t2_b10', '2026-04-28T11:00+02:00');
INSERT OR REPLACE INTO course_sessions (id, course_id, start_datetime) VALUES ('en_t2_b10_course_s14', 'en_t2_b10', '2026-05-05T11:00+02:00');
INSERT OR REPLACE INTO course_sessions (id, course_id, start_datetime) VALUES ('en_t2_b10_course_s15', 'en_t2_b10', '2026-05-12T11:00+02:00');
INSERT OR REPLACE INTO course_sessions (id, course_id, start_datetime) VALUES ('en_t2_b10_course_s16', 'en_t2_b10', '2026-05-19T11:00+02:00');
INSERT OR REPLACE INTO course_sessions (id, course_id, start_datetime) VALUES ('en_t2_b10_course_s17', 'en_t2_b10', '2026-05-26T11:00+02:00');
INSERT OR REPLACE INTO course_sessions (id, course_id, start_datetime) VALUES ('en_t2_b10_course_s18', 'en_t2_b10', '2026-06-02T11:00+02:00');
INSERT OR REPLACE INTO course_sessions (id, course_id, start_datetime) VALUES ('en_t2_b10_course_s19', 'en_t2_b10', '2026-06-09T11:00+02:00');
INSERT OR REPLACE INTO course_sessions (id, course_id, start_datetime) VALUES ('en_t2_b10_course_s20', 'en_t2_b10', '2026-06-16T11:00+02:00');
INSERT OR REPLACE INTO course_sessions (id, course_id, start_datetime) VALUES ('en_t2_b10_course_s21', 'en_t2_b10', '2026-06-23T11:00+02:00');
INSERT OR REPLACE INTO course_sessions (id, course_id, start_datetime) VALUES ('en_t2_b10_course_s22', 'en_t2_b10', '2026-06-30T11:00+02:00');
INSERT OR REPLACE INTO course_sessions (id, course_id, start_datetime) VALUES ('en_t2_b10_course_s23', 'en_t2_b10', '2026-07-07T11:00+02:00');
INSERT OR REPLACE INTO course_sessions (id, course_id, start_datetime) VALUES ('en_t2_b10_course_s24', 'en_t2_b10', '2026-07-14T11:00+02:00');
INSERT OR REPLACE INTO course_sessions (id, course_id, start_datetime) VALUES ('en_t2_b10_course_s25', 'en_t2_b10', '2026-07-21T11:00+02:00');
INSERT OR REPLACE INTO course_sessions (id, course_id, start_datetime) VALUES ('en_t2_b10_course_s26', 'en_t2_b10', '2026-07-28T11:00+02:00');
INSERT OR REPLACE INTO course_sessions (id, course_id, start_datetime) VALUES ('en_t2_b10_course_s27', 'en_t2_b10', '2026-08-04T11:00+02:00');
INSERT OR REPLACE INTO course_sessions (id, course_id, start_datetime) VALUES ('en_t2_b10_course_s28', 'en_t2_b10', '2026-08-11T11:00+02:00');
INSERT OR REPLACE INTO course_sessions (id, course_id, start_datetime) VALUES ('en_t2_b10_course_s29', 'en_t2_b10', '2026-08-18T11:00+02:00');
INSERT OR REPLACE INTO course_sessions (id, course_id, start_datetime) VALUES ('en_t2_b10_course_s30', 'en_t2_b10', '2026-08-25T11:00+02:00');
INSERT OR REPLACE INTO course_sessions (id, course_id, start_datetime) VALUES ('en_t2_b10_course_s31', 'en_t2_b10', '2026-09-01T11:00+02:00');
INSERT OR REPLACE INTO course_sessions (id, course_id, start_datetime) VALUES ('en_t2_b10_course_s32', 'en_t2_b10', '2026-09-08T11:00+02:00');
INSERT OR REPLACE INTO course_sessions (id, course_id, start_datetime) VALUES ('en_t2_b10_course_s33', 'en_t2_b10', '2026-09-15T11:00+02:00');
INSERT OR REPLACE INTO course_sessions (id, course_id, start_datetime) VALUES ('en_t2_b10_course_s34', 'en_t2_b10', '2026-09-22T11:00+02:00');
INSERT OR REPLACE INTO course_sessions (id, course_id, start_datetime) VALUES ('en_t2_b10_course_s35', 'en_t2_b10', '2026-09-29T11:00+02:00');
INSERT OR REPLACE INTO course_sessions (id, course_id, start_datetime) VALUES ('en_t2_b10_course_s36', 'en_t2_b10', '2026-10-06T11:00+02:00');
INSERT OR REPLACE INTO courses (id, teacher_id, group_reference, time_zone, duration_minutes) VALUES ('en_t2_b11', 'en_t2', 'BayerLeverkusen B1 Group1', 'Europe/Warsaw', 60);
INSERT OR REPLACE INTO course_sessions (id, course_id, start_datetime) VALUES ('en_t2_b11_course_s1', 'en_t2_b11', '2026-02-04T09:00+01:00');
INSERT OR REPLACE INTO course_sessions (id, course_id, start_datetime) VALUES ('en_t2_b11_course_s2', 'en_t2_b11', '2026-02-11T09:00+01:00');
INSERT OR REPLACE INTO course_sessions (id, course_id, start_datetime) VALUES ('en_t2_b11_course_s3', 'en_t2_b11', '2026-02-18T09:00+01:00');
INSERT OR REPLACE INTO course_sessions (id, course_id, start_datetime) VALUES ('en_t2_b11_course_s4', 'en_t2_b11', '2026-02-25T09:00+01:00');
INSERT OR REPLACE INTO course_sessions (id, course_id, start_datetime) VALUES ('en_t2_b11_course_s5', 'en_t2_b11', '2026-03-04T09:00+01:00');
INSERT OR REPLACE INTO course_sessions (id, course_id, start_datetime) VALUES ('en_t2_b11_course_s6', 'en_t2_b11', '2026-03-11T09:00+01:00');
INSERT OR REPLACE INTO course_sessions (id, course_id, start_datetime) VALUES ('en_t2_b11_course_s7', 'en_t2_b11', '2026-03-18T09:00+01:00');
INSERT OR REPLACE INTO course_sessions (id, course_id, start_datetime) VALUES ('en_t2_b11_course_s8', 'en_t2_b11', '2026-03-25T09:00+01:00');
INSERT OR REPLACE INTO course_sessions (id, course_id, start_datetime) VALUES ('en_t2_b11_course_s9', 'en_t2_b11', '2026-04-01T09:00+02:00');
INSERT OR REPLACE INTO course_sessions (id, course_id, start_datetime) VALUES ('en_t2_b11_course_s10', 'en_t2_b11', '2026-04-08T09:00+02:00');
INSERT OR REPLACE INTO course_sessions (id, course_id, start_datetime) VALUES ('en_t2_b11_course_s11', 'en_t2_b11', '2026-04-15T09:00+02:00');
INSERT OR REPLACE INTO course_sessions (id, course_id, start_datetime) VALUES ('en_t2_b11_course_s12', 'en_t2_b11', '2026-04-22T09:00+02:00');
INSERT OR REPLACE INTO course_sessions (id, course_id, start_datetime) VALUES ('en_t2_b11_course_s13', 'en_t2_b11', '2026-04-29T09:00+02:00');
INSERT OR REPLACE INTO course_sessions (id, course_id, start_datetime) VALUES ('en_t2_b11_course_s14', 'en_t2_b11', '2026-05-06T09:00+02:00');
INSERT OR REPLACE INTO course_sessions (id, course_id, start_datetime) VALUES ('en_t2_b11_course_s15', 'en_t2_b11', '2026-05-13T09:00+02:00');
INSERT OR REPLACE INTO course_sessions (id, course_id, start_datetime) VALUES ('en_t2_b11_course_s16', 'en_t2_b11', '2026-05-20T09:00+02:00');
INSERT OR REPLACE INTO course_sessions (id, course_id, start_datetime) VALUES ('en_t2_b11_course_s17', 'en_t2_b11', '2026-05-27T09:00+02:00');
INSERT OR REPLACE INTO course_sessions (id, course_id, start_datetime) VALUES ('en_t2_b11_course_s18', 'en_t2_b11', '2026-06-03T09:00+02:00');
INSERT OR REPLACE INTO course_sessions (id, course_id, start_datetime) VALUES ('en_t2_b11_course_s19', 'en_t2_b11', '2026-06-10T09:00+02:00');
INSERT OR REPLACE INTO course_sessions (id, course_id, start_datetime) VALUES ('en_t2_b11_course_s20', 'en_t2_b11', '2026-06-17T09:00+02:00');
INSERT OR REPLACE INTO course_sessions (id, course_id, start_datetime) VALUES ('en_t2_b11_course_s21', 'en_t2_b11', '2026-06-24T09:00+02:00');
INSERT OR REPLACE INTO course_sessions (id, course_id, start_datetime) VALUES ('en_t2_b11_course_s22', 'en_t2_b11', '2026-07-01T09:00+02:00');
INSERT OR REPLACE INTO course_sessions (id, course_id, start_datetime) VALUES ('en_t2_b11_course_s23', 'en_t2_b11', '2026-07-08T09:00+02:00');
INSERT OR REPLACE INTO course_sessions (id, course_id, start_datetime) VALUES ('en_t2_b11_course_s24', 'en_t2_b11', '2026-07-15T09:00+02:00');
INSERT OR REPLACE INTO course_sessions (id, course_id, start_datetime) VALUES ('en_t2_b11_course_s25', 'en_t2_b11', '2026-07-22T09:00+02:00');
INSERT OR REPLACE INTO course_sessions (id, course_id, start_datetime) VALUES ('en_t2_b11_course_s26', 'en_t2_b11', '2026-07-29T09:00+02:00');
INSERT OR REPLACE INTO course_sessions (id, course_id, start_datetime) VALUES ('en_t2_b11_course_s27', 'en_t2_b11', '2026-08-05T09:00+02:00');
INSERT OR REPLACE INTO course_sessions (id, course_id, start_datetime) VALUES ('en_t2_b11_course_s28', 'en_t2_b11', '2026-08-12T09:00+02:00');
INSERT OR REPLACE INTO course_sessions (id, course_id, start_datetime) VALUES ('en_t2_b11_course_s29', 'en_t2_b11', '2026-08-19T09:00+02:00');
INSERT OR REPLACE INTO course_sessions (id, course_id, start_datetime) VALUES ('en_t2_b11_course_s30', 'en_t2_b11', '2026-08-26T09:00+02:00');
INSERT OR REPLACE INTO course_sessions (id, course_id, start_datetime) VALUES ('en_t2_b11_course_s31', 'en_t2_b11', '2026-09-02T09:00+02:00');
INSERT OR REPLACE INTO course_sessions (id, course_id, start_datetime) VALUES ('en_t2_b11_course_s32', 'en_t2_b11', '2026-09-09T09:00+02:00');
INSERT OR REPLACE INTO course_sessions (id, course_id, start_datetime) VALUES ('en_t2_b11_course_s33', 'en_t2_b11', '2026-09-16T09:00+02:00');
INSERT OR REPLACE INTO course_sessions (id, course_id, start_datetime) VALUES ('en_t2_b11_course_s34', 'en_t2_b11', '2026-09-23T09:00+02:00');
INSERT OR REPLACE INTO course_sessions (id, course_id, start_datetime) VALUES ('en_t2_b11_course_s35', 'en_t2_b11', '2026-09-30T09:00+02:00');
INSERT OR REPLACE INTO course_sessions (id, course_id, start_datetime) VALUES ('en_t2_b11_course_s36', 'en_t2_b11', '2026-10-07T09:00+02:00');
INSERT OR REPLACE INTO courses (id, teacher_id, group_reference, time_zone, duration_minutes) VALUES ('en_t2_b11', 'en_t2', 'Group 10', 'Europe/Warsaw', 60);
INSERT OR REPLACE INTO course_sessions (id, course_id, start_datetime) VALUES ('en_t2_b11_course_s1', 'en_t2_b11', '2026-02-04T11:00+01:00');
INSERT OR REPLACE INTO course_sessions (id, course_id, start_datetime) VALUES ('en_t2_b11_course_s2', 'en_t2_b11', '2026-02-11T11:00+01:00');
INSERT OR REPLACE INTO course_sessions (id, course_id, start_datetime) VALUES ('en_t2_b11_course_s3', 'en_t2_b11', '2026-02-18T11:00+01:00');
INSERT OR REPLACE INTO course_sessions (id, course_id, start_datetime) VALUES ('en_t2_b11_course_s4', 'en_t2_b11', '2026-02-25T11:00+01:00');
INSERT OR REPLACE INTO course_sessions (id, course_id, start_datetime) VALUES ('en_t2_b11_course_s5', 'en_t2_b11', '2026-03-04T11:00+01:00');
INSERT OR REPLACE INTO course_sessions (id, course_id, start_datetime) VALUES ('en_t2_b11_course_s6', 'en_t2_b11', '2026-03-11T11:00+01:00');
INSERT OR REPLACE INTO course_sessions (id, course_id, start_datetime) VALUES ('en_t2_b11_course_s7', 'en_t2_b11', '2026-03-18T11:00+01:00');
INSERT OR REPLACE INTO course_sessions (id, course_id, start_datetime) VALUES ('en_t2_b11_course_s8', 'en_t2_b11', '2026-03-25T11:00+01:00');
INSERT OR REPLACE INTO course_sessions (id, course_id, start_datetime) VALUES ('en_t2_b11_course_s9', 'en_t2_b11', '2026-04-01T11:00+02:00');
INSERT OR REPLACE INTO course_sessions (id, course_id, start_datetime) VALUES ('en_t2_b11_course_s10', 'en_t2_b11', '2026-04-08T11:00+02:00');
INSERT OR REPLACE INTO course_sessions (id, course_id, start_datetime) VALUES ('en_t2_b11_course_s11', 'en_t2_b11', '2026-04-15T11:00+02:00');
INSERT OR REPLACE INTO course_sessions (id, course_id, start_datetime) VALUES ('en_t2_b11_course_s12', 'en_t2_b11', '2026-04-22T11:00+02:00');
INSERT OR REPLACE INTO course_sessions (id, course_id, start_datetime) VALUES ('en_t2_b11_course_s13', 'en_t2_b11', '2026-04-29T11:00+02:00');
INSERT OR REPLACE INTO course_sessions (id, course_id, start_datetime) VALUES ('en_t2_b11_course_s14', 'en_t2_b11', '2026-05-06T11:00+02:00');
INSERT OR REPLACE INTO course_sessions (id, course_id, start_datetime) VALUES ('en_t2_b11_course_s15', 'en_t2_b11', '2026-05-13T11:00+02:00');
INSERT OR REPLACE INTO course_sessions (id, course_id, start_datetime) VALUES ('en_t2_b11_course_s16', 'en_t2_b11', '2026-05-20T11:00+02:00');
INSERT OR REPLACE INTO course_sessions (id, course_id, start_datetime) VALUES ('en_t2_b11_course_s17', 'en_t2_b11', '2026-05-27T11:00+02:00');
INSERT OR REPLACE INTO course_sessions (id, course_id, start_datetime) VALUES ('en_t2_b11_course_s18', 'en_t2_b11', '2026-06-03T11:00+02:00');
INSERT OR REPLACE INTO course_sessions (id, course_id, start_datetime) VALUES ('en_t2_b11_course_s19', 'en_t2_b11', '2026-06-10T11:00+02:00');
INSERT OR REPLACE INTO course_sessions (id, course_id, start_datetime) VALUES ('en_t2_b11_course_s20', 'en_t2_b11', '2026-06-17T11:00+02:00');
INSERT OR REPLACE INTO course_sessions (id, course_id, start_datetime) VALUES ('en_t2_b11_course_s21', 'en_t2_b11', '2026-06-24T11:00+02:00');
INSERT OR REPLACE INTO course_sessions (id, course_id, start_datetime) VALUES ('en_t2_b11_course_s22', 'en_t2_b11', '2026-07-01T11:00+02:00');
INSERT OR REPLACE INTO course_sessions (id, course_id, start_datetime) VALUES ('en_t2_b11_course_s23', 'en_t2_b11', '2026-07-08T11:00+02:00');
INSERT OR REPLACE INTO course_sessions (id, course_id, start_datetime) VALUES ('en_t2_b11_course_s24', 'en_t2_b11', '2026-07-15T11:00+02:00');
INSERT OR REPLACE INTO course_sessions (id, course_id, start_datetime) VALUES ('en_t2_b11_course_s25', 'en_t2_b11', '2026-07-22T11:00+02:00');
INSERT OR REPLACE INTO course_sessions (id, course_id, start_datetime) VALUES ('en_t2_b11_course_s26', 'en_t2_b11', '2026-07-29T11:00+02:00');
INSERT OR REPLACE INTO course_sessions (id, course_id, start_datetime) VALUES ('en_t2_b11_course_s27', 'en_t2_b11', '2026-08-05T11:00+02:00');
INSERT OR REPLACE INTO course_sessions (id, course_id, start_datetime) VALUES ('en_t2_b11_course_s28', 'en_t2_b11', '2026-08-12T11:00+02:00');
INSERT OR REPLACE INTO course_sessions (id, course_id, start_datetime) VALUES ('en_t2_b11_course_s29', 'en_t2_b11', '2026-08-19T11:00+02:00');
INSERT OR REPLACE INTO course_sessions (id, course_id, start_datetime) VALUES ('en_t2_b11_course_s30', 'en_t2_b11', '2026-08-26T11:00+02:00');
INSERT OR REPLACE INTO course_sessions (id, course_id, start_datetime) VALUES ('en_t2_b11_course_s31', 'en_t2_b11', '2026-09-02T11:00+02:00');
INSERT OR REPLACE INTO course_sessions (id, course_id, start_datetime) VALUES ('en_t2_b11_course_s32', 'en_t2_b11', '2026-09-09T11:00+02:00');
INSERT OR REPLACE INTO course_sessions (id, course_id, start_datetime) VALUES ('en_t2_b11_course_s33', 'en_t2_b11', '2026-09-16T11:00+02:00');
INSERT OR REPLACE INTO course_sessions (id, course_id, start_datetime) VALUES ('en_t2_b11_course_s34', 'en_t2_b11', '2026-09-23T11:00+02:00');
INSERT OR REPLACE INTO course_sessions (id, course_id, start_datetime) VALUES ('en_t2_b11_course_s35', 'en_t2_b11', '2026-09-30T11:00+02:00');
INSERT OR REPLACE INTO course_sessions (id, course_id, start_datetime) VALUES ('en_t2_b11_course_s36', 'en_t2_b11', '2026-10-07T11:00+02:00');
INSERT OR REPLACE INTO courses (id, teacher_id, group_reference, time_zone, duration_minutes) VALUES ('en_t2_b12', 'en_t2', 'Group 60', 'America/New_York', 60);
INSERT OR REPLACE INTO course_sessions (id, course_id, start_datetime) VALUES ('en_t2_b12_course_s1', 'en_t2_b12', '2026-03-06T15:00+01:00');
INSERT OR REPLACE INTO course_sessions (id, course_id, start_datetime) VALUES ('en_t2_b12_course_s2', 'en_t2_b12', '2026-03-13T14:00+01:00');
INSERT OR REPLACE INTO course_sessions (id, course_id, start_datetime) VALUES ('en_t2_b12_course_s3', 'en_t2_b12', '2026-03-20T14:00+01:00');
INSERT OR REPLACE INTO course_sessions (id, course_id, start_datetime) VALUES ('en_t2_b12_course_s4', 'en_t2_b12', '2026-03-27T14:00+01:00');
INSERT OR REPLACE INTO course_sessions (id, course_id, start_datetime) VALUES ('en_t2_b12_course_s5', 'en_t2_b12', '2026-04-03T15:00+02:00');
INSERT OR REPLACE INTO course_sessions (id, course_id, start_datetime) VALUES ('en_t2_b12_course_s6', 'en_t2_b12', '2026-04-10T15:00+02:00');
INSERT OR REPLACE INTO course_sessions (id, course_id, start_datetime) VALUES ('en_t2_b12_course_s7', 'en_t2_b12', '2026-04-17T15:00+02:00');
INSERT OR REPLACE INTO course_sessions (id, course_id, start_datetime) VALUES ('en_t2_b12_course_s8', 'en_t2_b12', '2026-04-24T15:00+02:00');
INSERT OR REPLACE INTO course_sessions (id, course_id, start_datetime) VALUES ('en_t2_b12_course_s9', 'en_t2_b12', '2026-05-01T15:00+02:00');
INSERT OR REPLACE INTO course_sessions (id, course_id, start_datetime) VALUES ('en_t2_b12_course_s10', 'en_t2_b12', '2026-05-08T15:00+02:00');
INSERT OR REPLACE INTO course_sessions (id, course_id, start_datetime) VALUES ('en_t2_b12_course_s11', 'en_t2_b12', '2026-05-15T15:00+02:00');
INSERT OR REPLACE INTO course_sessions (id, course_id, start_datetime) VALUES ('en_t2_b12_course_s12', 'en_t2_b12', '2026-05-22T15:00+02:00');
INSERT OR REPLACE INTO course_sessions (id, course_id, start_datetime) VALUES ('en_t2_b12_course_s13', 'en_t2_b12', '2026-05-29T15:00+02:00');
INSERT OR REPLACE INTO course_sessions (id, course_id, start_datetime) VALUES ('en_t2_b12_course_s14', 'en_t2_b12', '2026-06-05T15:00+02:00');
INSERT OR REPLACE INTO course_sessions (id, course_id, start_datetime) VALUES ('en_t2_b12_course_s15', 'en_t2_b12', '2026-06-12T15:00+02:00');
INSERT OR REPLACE INTO course_sessions (id, course_id, start_datetime) VALUES ('en_t2_b12_course_s16', 'en_t2_b12', '2026-06-19T15:00+02:00');
INSERT OR REPLACE INTO course_sessions (id, course_id, start_datetime) VALUES ('en_t2_b12_course_s17', 'en_t2_b12', '2026-06-26T15:00+02:00');
INSERT OR REPLACE INTO course_sessions (id, course_id, start_datetime) VALUES ('en_t2_b12_course_s18', 'en_t2_b12', '2026-07-03T15:00+02:00');
INSERT OR REPLACE INTO course_sessions (id, course_id, start_datetime) VALUES ('en_t2_b12_course_s19', 'en_t2_b12', '2026-07-10T15:00+02:00');
INSERT OR REPLACE INTO course_sessions (id, course_id, start_datetime) VALUES ('en_t2_b12_course_s20', 'en_t2_b12', '2026-07-17T15:00+02:00');
INSERT OR REPLACE INTO course_sessions (id, course_id, start_datetime) VALUES ('en_t2_b12_course_s21', 'en_t2_b12', '2026-07-24T15:00+02:00');
INSERT OR REPLACE INTO course_sessions (id, course_id, start_datetime) VALUES ('en_t2_b12_course_s22', 'en_t2_b12', '2026-07-31T15:00+02:00');
INSERT OR REPLACE INTO courses (id, teacher_id, group_reference, time_zone, duration_minutes) VALUES ('en_t2_b13', 'en_t2', 'Group 58', 'America/New_York', 60);
INSERT OR REPLACE INTO course_sessions (id, course_id, start_datetime) VALUES ('en_t2_b13_course_s1', 'en_t2_b13', '2026-03-05T14:00+01:00');
INSERT OR REPLACE INTO course_sessions (id, course_id, start_datetime) VALUES ('en_t2_b13_course_s2', 'en_t2_b13', '2026-03-12T15:00+01:00');
INSERT OR REPLACE INTO course_sessions (id, course_id, start_datetime) VALUES ('en_t2_b13_course_s3', 'en_t2_b13', '2026-03-19T15:00+01:00');
INSERT OR REPLACE INTO course_sessions (id, course_id, start_datetime) VALUES ('en_t2_b13_course_s4', 'en_t2_b13', '2026-03-26T15:00+01:00');
INSERT OR REPLACE INTO course_sessions (id, course_id, start_datetime) VALUES ('en_t2_b13_course_s5', 'en_t2_b13', '2026-04-02T14:00+02:00');
INSERT OR REPLACE INTO course_sessions (id, course_id, start_datetime) VALUES ('en_t2_b13_course_s6', 'en_t2_b13', '2026-04-09T14:00+02:00');
INSERT OR REPLACE INTO course_sessions (id, course_id, start_datetime) VALUES ('en_t2_b13_course_s7', 'en_t2_b13', '2026-04-16T14:00+02:00');
INSERT OR REPLACE INTO course_sessions (id, course_id, start_datetime) VALUES ('en_t2_b13_course_s8', 'en_t2_b13', '2026-04-23T14:00+02:00');
INSERT OR REPLACE INTO course_sessions (id, course_id, start_datetime) VALUES ('en_t2_b13_course_s9', 'en_t2_b13', '2026-04-30T14:00+02:00');
INSERT OR REPLACE INTO course_sessions (id, course_id, start_datetime) VALUES ('en_t2_b13_course_s10', 'en_t2_b13', '2026-05-07T14:00+02:00');
INSERT OR REPLACE INTO course_sessions (id, course_id, start_datetime) VALUES ('en_t2_b13_course_s11', 'en_t2_b13', '2026-05-14T14:00+02:00');
INSERT OR REPLACE INTO course_sessions (id, course_id, start_datetime) VALUES ('en_t2_b13_course_s12', 'en_t2_b13', '2026-05-21T14:00+02:00');
INSERT OR REPLACE INTO course_sessions (id, course_id, start_datetime) VALUES ('en_t2_b13_course_s13', 'en_t2_b13', '2026-05-28T14:00+02:00');
INSERT OR REPLACE INTO course_sessions (id, course_id, start_datetime) VALUES ('en_t2_b13_course_s14', 'en_t2_b13', '2026-06-04T14:00+02:00');
INSERT OR REPLACE INTO course_sessions (id, course_id, start_datetime) VALUES ('en_t2_b13_course_s15', 'en_t2_b13', '2026-06-11T14:00+02:00');
INSERT OR REPLACE INTO course_sessions (id, course_id, start_datetime) VALUES ('en_t2_b13_course_s16', 'en_t2_b13', '2026-06-18T14:00+02:00');
INSERT OR REPLACE INTO course_sessions (id, course_id, start_datetime) VALUES ('en_t2_b13_course_s17', 'en_t2_b13', '2026-06-25T14:00+02:00');
INSERT OR REPLACE INTO course_sessions (id, course_id, start_datetime) VALUES ('en_t2_b13_course_s18', 'en_t2_b13', '2026-07-02T14:00+02:00');
INSERT OR REPLACE INTO course_sessions (id, course_id, start_datetime) VALUES ('en_t2_b13_course_s19', 'en_t2_b13', '2026-07-09T14:00+02:00');
INSERT OR REPLACE INTO course_sessions (id, course_id, start_datetime) VALUES ('en_t2_b13_course_s20', 'en_t2_b13', '2026-07-16T14:00+02:00');
INSERT OR REPLACE INTO course_sessions (id, course_id, start_datetime) VALUES ('en_t2_b13_course_s21', 'en_t2_b13', '2026-07-23T14:00+02:00');
INSERT OR REPLACE INTO course_sessions (id, course_id, start_datetime) VALUES ('en_t2_b13_course_s22', 'en_t2_b13', '2026-07-30T14:00+02:00');
INSERT OR REPLACE INTO courses (id, teacher_id, group_reference, time_zone, duration_minutes) VALUES ('en_t2_b14', 'en_t2', 'Group 56', 'America/New_York', 60);
INSERT OR REPLACE INTO course_sessions (id, course_id, start_datetime) VALUES ('en_t2_b14_course_s1', 'en_t2_b14', '2026-03-04T14:00+01:00');
INSERT OR REPLACE INTO course_sessions (id, course_id, start_datetime) VALUES ('en_t2_b14_course_s2', 'en_t2_b14', '2026-03-11T15:00+01:00');
INSERT OR REPLACE INTO course_sessions (id, course_id, start_datetime) VALUES ('en_t2_b14_course_s3', 'en_t2_b14', '2026-03-18T15:00+01:00');
INSERT OR REPLACE INTO course_sessions (id, course_id, start_datetime) VALUES ('en_t2_b14_course_s4', 'en_t2_b14', '2026-03-25T15:00+01:00');
INSERT OR REPLACE INTO course_sessions (id, course_id, start_datetime) VALUES ('en_t2_b14_course_s5', 'en_t2_b14', '2026-04-01T14:00+02:00');
INSERT OR REPLACE INTO course_sessions (id, course_id, start_datetime) VALUES ('en_t2_b14_course_s6', 'en_t2_b14', '2026-04-08T14:00+02:00');
INSERT OR REPLACE INTO course_sessions (id, course_id, start_datetime) VALUES ('en_t2_b14_course_s7', 'en_t2_b14', '2026-04-15T14:00+02:00');
INSERT OR REPLACE INTO course_sessions (id, course_id, start_datetime) VALUES ('en_t2_b14_course_s8', 'en_t2_b14', '2026-04-22T14:00+02:00');
INSERT OR REPLACE INTO course_sessions (id, course_id, start_datetime) VALUES ('en_t2_b14_course_s9', 'en_t2_b14', '2026-04-29T14:00+02:00');
INSERT OR REPLACE INTO course_sessions (id, course_id, start_datetime) VALUES ('en_t2_b14_course_s10', 'en_t2_b14', '2026-05-06T14:00+02:00');
INSERT OR REPLACE INTO course_sessions (id, course_id, start_datetime) VALUES ('en_t2_b14_course_s11', 'en_t2_b14', '2026-05-13T14:00+02:00');
INSERT OR REPLACE INTO course_sessions (id, course_id, start_datetime) VALUES ('en_t2_b14_course_s12', 'en_t2_b14', '2026-05-20T14:00+02:00');
INSERT OR REPLACE INTO course_sessions (id, course_id, start_datetime) VALUES ('en_t2_b14_course_s13', 'en_t2_b14', '2026-05-27T14:00+02:00');
INSERT OR REPLACE INTO course_sessions (id, course_id, start_datetime) VALUES ('en_t2_b14_course_s14', 'en_t2_b14', '2026-06-03T14:00+02:00');
INSERT OR REPLACE INTO course_sessions (id, course_id, start_datetime) VALUES ('en_t2_b14_course_s15', 'en_t2_b14', '2026-06-10T14:00+02:00');
INSERT OR REPLACE INTO course_sessions (id, course_id, start_datetime) VALUES ('en_t2_b14_course_s16', 'en_t2_b14', '2026-06-17T14:00+02:00');
INSERT OR REPLACE INTO course_sessions (id, course_id, start_datetime) VALUES ('en_t2_b14_course_s17', 'en_t2_b14', '2026-06-24T14:00+02:00');
INSERT OR REPLACE INTO course_sessions (id, course_id, start_datetime) VALUES ('en_t2_b14_course_s18', 'en_t2_b14', '2026-07-01T14:00+02:00');
INSERT OR REPLACE INTO course_sessions (id, course_id, start_datetime) VALUES ('en_t2_b14_course_s19', 'en_t2_b14', '2026-07-08T14:00+02:00');
INSERT OR REPLACE INTO course_sessions (id, course_id, start_datetime) VALUES ('en_t2_b14_course_s20', 'en_t2_b14', '2026-07-15T14:00+02:00');
INSERT OR REPLACE INTO course_sessions (id, course_id, start_datetime) VALUES ('en_t2_b14_course_s21', 'en_t2_b14', '2026-07-22T14:00+02:00');
INSERT OR REPLACE INTO course_sessions (id, course_id, start_datetime) VALUES ('en_t2_b14_course_s22', 'en_t2_b14', '2026-07-29T14:00+02:00');
INSERT OR REPLACE INTO courses (id, teacher_id, group_reference, time_zone, duration_minutes) VALUES ('en_t2_b15', 'en_t2', 'Group 61', 'America/New_York', 60);
INSERT OR REPLACE INTO course_sessions (id, course_id, start_datetime) VALUES ('en_t2_b15_course_s1', 'en_t2_b15', '2026-03-06T14:00+01:00');
INSERT OR REPLACE INTO course_sessions (id, course_id, start_datetime) VALUES ('en_t2_b15_course_s2', 'en_t2_b15', '2026-03-13T15:00+01:00');
INSERT OR REPLACE INTO course_sessions (id, course_id, start_datetime) VALUES ('en_t2_b15_course_s3', 'en_t2_b15', '2026-03-20T15:00+01:00');
INSERT OR REPLACE INTO course_sessions (id, course_id, start_datetime) VALUES ('en_t2_b15_course_s4', 'en_t2_b15', '2026-03-27T15:00+01:00');
INSERT OR REPLACE INTO course_sessions (id, course_id, start_datetime) VALUES ('en_t2_b15_course_s5', 'en_t2_b15', '2026-04-03T14:00+02:00');
INSERT OR REPLACE INTO course_sessions (id, course_id, start_datetime) VALUES ('en_t2_b15_course_s6', 'en_t2_b15', '2026-04-10T14:00+02:00');
INSERT OR REPLACE INTO course_sessions (id, course_id, start_datetime) VALUES ('en_t2_b15_course_s7', 'en_t2_b15', '2026-04-17T14:00+02:00');
INSERT OR REPLACE INTO course_sessions (id, course_id, start_datetime) VALUES ('en_t2_b15_course_s8', 'en_t2_b15', '2026-04-24T14:00+02:00');
INSERT OR REPLACE INTO course_sessions (id, course_id, start_datetime) VALUES ('en_t2_b15_course_s9', 'en_t2_b15', '2026-05-01T14:00+02:00');
INSERT OR REPLACE INTO course_sessions (id, course_id, start_datetime) VALUES ('en_t2_b15_course_s10', 'en_t2_b15', '2026-05-08T14:00+02:00');
INSERT OR REPLACE INTO course_sessions (id, course_id, start_datetime) VALUES ('en_t2_b15_course_s11', 'en_t2_b15', '2026-05-15T14:00+02:00');
INSERT OR REPLACE INTO course_sessions (id, course_id, start_datetime) VALUES ('en_t2_b15_course_s12', 'en_t2_b15', '2026-05-22T14:00+02:00');
INSERT OR REPLACE INTO course_sessions (id, course_id, start_datetime) VALUES ('en_t2_b15_course_s13', 'en_t2_b15', '2026-05-29T14:00+02:00');
INSERT OR REPLACE INTO course_sessions (id, course_id, start_datetime) VALUES ('en_t2_b15_course_s14', 'en_t2_b15', '2026-06-05T14:00+02:00');
INSERT OR REPLACE INTO course_sessions (id, course_id, start_datetime) VALUES ('en_t2_b15_course_s15', 'en_t2_b15', '2026-06-12T14:00+02:00');
INSERT OR REPLACE INTO course_sessions (id, course_id, start_datetime) VALUES ('en_t2_b15_course_s16', 'en_t2_b15', '2026-06-19T14:00+02:00');
INSERT OR REPLACE INTO course_sessions (id, course_id, start_datetime) VALUES ('en_t2_b15_course_s17', 'en_t2_b15', '2026-06-26T14:00+02:00');
INSERT OR REPLACE INTO course_sessions (id, course_id, start_datetime) VALUES ('en_t2_b15_course_s18', 'en_t2_b15', '2026-07-03T14:00+02:00');
INSERT OR REPLACE INTO course_sessions (id, course_id, start_datetime) VALUES ('en_t2_b15_course_s19', 'en_t2_b15', '2026-07-10T14:00+02:00');
INSERT OR REPLACE INTO course_sessions (id, course_id, start_datetime) VALUES ('en_t2_b15_course_s20', 'en_t2_b15', '2026-07-17T14:00+02:00');
INSERT OR REPLACE INTO course_sessions (id, course_id, start_datetime) VALUES ('en_t2_b15_course_s21', 'en_t2_b15', '2026-07-24T14:00+02:00');
INSERT OR REPLACE INTO course_sessions (id, course_id, start_datetime) VALUES ('en_t2_b15_course_s22', 'en_t2_b15', '2026-07-31T14:00+02:00');
INSERT OR REPLACE INTO courses (id, teacher_id, group_reference, time_zone, duration_minutes) VALUES ('en_t2_b16', 'en_t2', 'Group 57', 'America/New_York', 60);
INSERT OR REPLACE INTO course_sessions (id, course_id, start_datetime) VALUES ('en_t2_b16_course_s1', 'en_t2_b16', '2026-03-03T14:00+01:00');
INSERT OR REPLACE INTO course_sessions (id, course_id, start_datetime) VALUES ('en_t2_b16_course_s2', 'en_t2_b16', '2026-03-31T14:00+02:00');
INSERT OR REPLACE INTO course_sessions (id, course_id, start_datetime) VALUES ('en_t2_b16_course_s3', 'en_t2_b16', '2026-04-07T14:00+02:00');
INSERT OR REPLACE INTO course_sessions (id, course_id, start_datetime) VALUES ('en_t2_b16_course_s4', 'en_t2_b16', '2026-04-14T14:00+02:00');
INSERT OR REPLACE INTO course_sessions (id, course_id, start_datetime) VALUES ('en_t2_b16_course_s5', 'en_t2_b16', '2026-04-21T14:00+02:00');
INSERT OR REPLACE INTO course_sessions (id, course_id, start_datetime) VALUES ('en_t2_b16_course_s6', 'en_t2_b16', '2026-04-28T14:00+02:00');
INSERT OR REPLACE INTO course_sessions (id, course_id, start_datetime) VALUES ('en_t2_b16_course_s7', 'en_t2_b16', '2026-05-05T14:00+02:00');
INSERT OR REPLACE INTO course_sessions (id, course_id, start_datetime) VALUES ('en_t2_b16_course_s8', 'en_t2_b16', '2026-05-12T14:00+02:00');
INSERT OR REPLACE INTO course_sessions (id, course_id, start_datetime) VALUES ('en_t2_b16_course_s9', 'en_t2_b16', '2026-05-19T14:00+02:00');
INSERT OR REPLACE INTO course_sessions (id, course_id, start_datetime) VALUES ('en_t2_b16_course_s10', 'en_t2_b16', '2026-05-26T14:00+02:00');
INSERT OR REPLACE INTO course_sessions (id, course_id, start_datetime) VALUES ('en_t2_b16_course_s11', 'en_t2_b16', '2026-06-02T14:00+02:00');
INSERT OR REPLACE INTO course_sessions (id, course_id, start_datetime) VALUES ('en_t2_b16_course_s12', 'en_t2_b16', '2026-06-09T14:00+02:00');
INSERT OR REPLACE INTO course_sessions (id, course_id, start_datetime) VALUES ('en_t2_b16_course_s13', 'en_t2_b16', '2026-06-16T14:00+02:00');
INSERT OR REPLACE INTO course_sessions (id, course_id, start_datetime) VALUES ('en_t2_b16_course_s14', 'en_t2_b16', '2026-06-23T14:00+02:00');
INSERT OR REPLACE INTO course_sessions (id, course_id, start_datetime) VALUES ('en_t2_b16_course_s15', 'en_t2_b16', '2026-06-30T14:00+02:00');
INSERT OR REPLACE INTO course_sessions (id, course_id, start_datetime) VALUES ('en_t2_b16_course_s16', 'en_t2_b16', '2026-07-07T14:00+02:00');
INSERT OR REPLACE INTO course_sessions (id, course_id, start_datetime) VALUES ('en_t2_b16_course_s17', 'en_t2_b16', '2026-07-14T14:00+02:00');
INSERT OR REPLACE INTO course_sessions (id, course_id, start_datetime) VALUES ('en_t2_b16_course_s18', 'en_t2_b16', '2026-07-21T14:00+02:00');
INSERT OR REPLACE INTO course_sessions (id, course_id, start_datetime) VALUES ('en_t2_b16_course_s19', 'en_t2_b16', '2026-07-28T14:00+02:00');

INSERT OR REPLACE INTO teachers (id, language, name, username) VALUES ('en_t3', 'en', 'Zano Mfeka', NULL);
INSERT OR REPLACE INTO availability_slots (id, teacher_id, weekdays_json, start_time, end_time, start_date, end_date, time_zone) VALUES ('en_t3_a1', 'en_t3', '[1,2,3,4,5]', '11:00', '12:00', '2026-01-31', '2026-12-30', 'Europe/Warsaw');
INSERT OR REPLACE INTO courses (id, teacher_id, group_reference, time_zone, duration_minutes) VALUES ('en_t1_b12', 'en_t3', 'Group 12', 'Europe/Warsaw', 60);
INSERT OR REPLACE INTO course_sessions (id, course_id, start_datetime) VALUES ('en_t1_b12_course_s1', 'en_t1_b12', '2026-02-03T11:00:00.000+01:00');
INSERT OR REPLACE INTO course_sessions (id, course_id, start_datetime) VALUES ('en_t1_b12_course_s2', 'en_t1_b12', '2026-02-10T11:00:00.000+01:00');
INSERT OR REPLACE INTO course_sessions (id, course_id, start_datetime) VALUES ('en_t1_b12_course_s3', 'en_t1_b12', '2026-02-17T11:00:00.000+01:00');
INSERT OR REPLACE INTO course_sessions (id, course_id, start_datetime) VALUES ('en_t1_b12_course_s4', 'en_t1_b12', '2026-02-24T11:00:00.000+01:00');
INSERT OR REPLACE INTO course_sessions (id, course_id, start_datetime) VALUES ('en_t1_b12_course_s5', 'en_t1_b12', '2026-03-03T11:00:00.000+01:00');
INSERT OR REPLACE INTO course_sessions (id, course_id, start_datetime) VALUES ('en_t1_b12_course_s6', 'en_t1_b12', '2026-03-10T11:00:00.000+01:00');
INSERT OR REPLACE INTO course_sessions (id, course_id, start_datetime) VALUES ('en_t1_b12_course_s7', 'en_t1_b12', '2026-03-17T11:00:00.000+01:00');
INSERT OR REPLACE INTO course_sessions (id, course_id, start_datetime) VALUES ('en_t1_b12_course_s8', 'en_t1_b12', '2026-03-24T11:00:00.000+01:00');
INSERT OR REPLACE INTO course_sessions (id, course_id, start_datetime) VALUES ('en_t1_b12_course_s9', 'en_t1_b12', '2026-03-31T11:00:00.000+02:00');
INSERT OR REPLACE INTO course_sessions (id, course_id, start_datetime) VALUES ('en_t1_b12_course_s10', 'en_t1_b12', '2026-04-07T11:00:00.000+02:00');
INSERT OR REPLACE INTO course_sessions (id, course_id, start_datetime) VALUES ('en_t1_b12_course_s11', 'en_t1_b12', '2026-04-14T11:00:00.000+02:00');
INSERT OR REPLACE INTO course_sessions (id, course_id, start_datetime) VALUES ('en_t1_b12_course_s12', 'en_t1_b12', '2026-04-21T11:00:00.000+02:00');
INSERT OR REPLACE INTO course_sessions (id, course_id, start_datetime) VALUES ('en_t1_b12_course_s13', 'en_t1_b12', '2026-04-28T11:00:00.000+02:00');
INSERT OR REPLACE INTO course_sessions (id, course_id, start_datetime) VALUES ('en_t1_b12_course_s14', 'en_t1_b12', '2026-05-05T11:00:00.000+02:00');
INSERT OR REPLACE INTO course_sessions (id, course_id, start_datetime) VALUES ('en_t1_b12_course_s15', 'en_t1_b12', '2026-05-12T11:00:00.000+02:00');
INSERT OR REPLACE INTO course_sessions (id, course_id, start_datetime) VALUES ('en_t1_b12_course_s16', 'en_t1_b12', '2026-05-19T11:00:00.000+02:00');
INSERT OR REPLACE INTO course_sessions (id, course_id, start_datetime) VALUES ('en_t1_b12_course_s17', 'en_t1_b12', '2026-05-26T11:00:00.000+02:00');
INSERT OR REPLACE INTO course_sessions (id, course_id, start_datetime) VALUES ('en_t1_b12_course_s18', 'en_t1_b12', '2026-06-02T11:00:00.000+02:00');
INSERT OR REPLACE INTO course_sessions (id, course_id, start_datetime) VALUES ('en_t1_b12_course_s19', 'en_t1_b12', '2026-06-09T11:00:00.000+02:00');
INSERT OR REPLACE INTO course_sessions (id, course_id, start_datetime) VALUES ('en_t1_b12_course_s20', 'en_t1_b12', '2026-06-16T11:00:00.000+02:00');
INSERT OR REPLACE INTO course_sessions (id, course_id, start_datetime) VALUES ('en_t1_b12_course_s21', 'en_t1_b12', '2026-06-23T11:00:00.000+02:00');
INSERT OR REPLACE INTO course_sessions (id, course_id, start_datetime) VALUES ('en_t1_b12_course_s22', 'en_t1_b12', '2026-06-30T11:00:00.000+02:00');
INSERT OR REPLACE INTO course_sessions (id, course_id, start_datetime) VALUES ('en_t1_b12_course_s23', 'en_t1_b12', '2026-07-07T11:00:00.000+02:00');
INSERT OR REPLACE INTO course_sessions (id, course_id, start_datetime) VALUES ('en_t1_b12_course_s24', 'en_t1_b12', '2026-07-14T11:00:00.000+02:00');
INSERT OR REPLACE INTO course_sessions (id, course_id, start_datetime) VALUES ('en_t1_b12_course_s25', 'en_t1_b12', '2026-07-21T11:00:00.000+02:00');
INSERT OR REPLACE INTO course_sessions (id, course_id, start_datetime) VALUES ('en_t1_b12_course_s26', 'en_t1_b12', '2026-07-28T11:00:00.000+02:00');
INSERT OR REPLACE INTO course_sessions (id, course_id, start_datetime) VALUES ('en_t1_b12_course_s27', 'en_t1_b12', '2026-08-04T11:00:00.000+02:00');
INSERT OR REPLACE INTO course_sessions (id, course_id, start_datetime) VALUES ('en_t1_b12_course_s28', 'en_t1_b12', '2026-08-11T11:00:00.000+02:00');
INSERT OR REPLACE INTO course_sessions (id, course_id, start_datetime) VALUES ('en_t1_b12_course_s29', 'en_t1_b12', '2026-08-18T11:00:00.000+02:00');
INSERT OR REPLACE INTO course_sessions (id, course_id, start_datetime) VALUES ('en_t1_b12_course_s30', 'en_t1_b12', '2026-08-25T11:00:00.000+02:00');
INSERT OR REPLACE INTO course_sessions (id, course_id, start_datetime) VALUES ('en_t1_b12_course_s31', 'en_t1_b12', '2026-09-01T11:00:00.000+02:00');
INSERT OR REPLACE INTO course_sessions (id, course_id, start_datetime) VALUES ('en_t1_b12_course_s32', 'en_t1_b12', '2026-09-08T11:00:00.000+02:00');
INSERT OR REPLACE INTO course_sessions (id, course_id, start_datetime) VALUES ('en_t1_b12_course_s33', 'en_t1_b12', '2026-09-15T11:00:00.000+02:00');
INSERT OR REPLACE INTO course_sessions (id, course_id, start_datetime) VALUES ('en_t1_b12_course_s34', 'en_t1_b12', '2026-09-22T11:00:00.000+02:00');
INSERT OR REPLACE INTO course_sessions (id, course_id, start_datetime) VALUES ('en_t1_b12_course_s35', 'en_t1_b12', '2026-09-29T11:00:00.000+02:00');
INSERT OR REPLACE INTO course_sessions (id, course_id, start_datetime) VALUES ('en_t1_b12_course_s36', 'en_t1_b12', '2026-10-06T11:00:00.000+02:00');
INSERT OR REPLACE INTO courses (id, teacher_id, group_reference, time_zone, duration_minutes) VALUES ('en_t3_b2', 'en_t3', 'Group 9', 'Europe/Warsaw', 60);
INSERT OR REPLACE INTO course_sessions (id, course_id, start_datetime) VALUES ('en_t3_b2_course_s1', 'en_t3_b2', '2026-02-04T11:00+01:00');
INSERT OR REPLACE INTO course_sessions (id, course_id, start_datetime) VALUES ('en_t3_b2_course_s2', 'en_t3_b2', '2026-02-11T11:00+01:00');
INSERT OR REPLACE INTO course_sessions (id, course_id, start_datetime) VALUES ('en_t3_b2_course_s3', 'en_t3_b2', '2026-02-18T11:00+01:00');
INSERT OR REPLACE INTO course_sessions (id, course_id, start_datetime) VALUES ('en_t3_b2_course_s4', 'en_t3_b2', '2026-02-25T11:00+01:00');
INSERT OR REPLACE INTO course_sessions (id, course_id, start_datetime) VALUES ('en_t3_b2_course_s5', 'en_t3_b2', '2026-03-04T11:00+01:00');
INSERT OR REPLACE INTO course_sessions (id, course_id, start_datetime) VALUES ('en_t3_b2_course_s6', 'en_t3_b2', '2026-03-11T11:00+01:00');
INSERT OR REPLACE INTO course_sessions (id, course_id, start_datetime) VALUES ('en_t3_b2_course_s7', 'en_t3_b2', '2026-03-18T11:00+01:00');
INSERT OR REPLACE INTO course_sessions (id, course_id, start_datetime) VALUES ('en_t3_b2_course_s8', 'en_t3_b2', '2026-03-25T11:00+01:00');
INSERT OR REPLACE INTO course_sessions (id, course_id, start_datetime) VALUES ('en_t3_b2_course_s9', 'en_t3_b2', '2026-04-01T11:00+02:00');
INSERT OR REPLACE INTO course_sessions (id, course_id, start_datetime) VALUES ('en_t3_b2_course_s10', 'en_t3_b2', '2026-04-08T11:00+02:00');
INSERT OR REPLACE INTO course_sessions (id, course_id, start_datetime) VALUES ('en_t3_b2_course_s11', 'en_t3_b2', '2026-04-15T11:00+02:00');
INSERT OR REPLACE INTO course_sessions (id, course_id, start_datetime) VALUES ('en_t3_b2_course_s12', 'en_t3_b2', '2026-04-22T11:00+02:00');
INSERT OR REPLACE INTO course_sessions (id, course_id, start_datetime) VALUES ('en_t3_b2_course_s13', 'en_t3_b2', '2026-04-29T11:00+02:00');
INSERT OR REPLACE INTO course_sessions (id, course_id, start_datetime) VALUES ('en_t3_b2_course_s14', 'en_t3_b2', '2026-05-06T11:00+02:00');
INSERT OR REPLACE INTO course_sessions (id, course_id, start_datetime) VALUES ('en_t3_b2_course_s15', 'en_t3_b2', '2026-05-13T11:00+02:00');
INSERT OR REPLACE INTO course_sessions (id, course_id, start_datetime) VALUES ('en_t3_b2_course_s16', 'en_t3_b2', '2026-05-20T11:00+02:00');
INSERT OR REPLACE INTO course_sessions (id, course_id, start_datetime) VALUES ('en_t3_b2_course_s17', 'en_t3_b2', '2026-05-27T11:00+02:00');
INSERT OR REPLACE INTO course_sessions (id, course_id, start_datetime) VALUES ('en_t3_b2_course_s18', 'en_t3_b2', '2026-06-03T11:00+02:00');
INSERT OR REPLACE INTO course_sessions (id, course_id, start_datetime) VALUES ('en_t3_b2_course_s19', 'en_t3_b2', '2026-06-10T11:00+02:00');
INSERT OR REPLACE INTO course_sessions (id, course_id, start_datetime) VALUES ('en_t3_b2_course_s20', 'en_t3_b2', '2026-06-17T11:00+02:00');
INSERT OR REPLACE INTO course_sessions (id, course_id, start_datetime) VALUES ('en_t3_b2_course_s21', 'en_t3_b2', '2026-06-24T11:00+02:00');
INSERT OR REPLACE INTO course_sessions (id, course_id, start_datetime) VALUES ('en_t3_b2_course_s22', 'en_t3_b2', '2026-07-01T11:00+02:00');
INSERT OR REPLACE INTO course_sessions (id, course_id, start_datetime) VALUES ('en_t3_b2_course_s23', 'en_t3_b2', '2026-07-08T11:00+02:00');
INSERT OR REPLACE INTO course_sessions (id, course_id, start_datetime) VALUES ('en_t3_b2_course_s24', 'en_t3_b2', '2026-07-15T11:00+02:00');
INSERT OR REPLACE INTO course_sessions (id, course_id, start_datetime) VALUES ('en_t3_b2_course_s25', 'en_t3_b2', '2026-07-22T11:00+02:00');
INSERT OR REPLACE INTO course_sessions (id, course_id, start_datetime) VALUES ('en_t3_b2_course_s26', 'en_t3_b2', '2026-07-29T11:00+02:00');
INSERT OR REPLACE INTO course_sessions (id, course_id, start_datetime) VALUES ('en_t3_b2_course_s27', 'en_t3_b2', '2026-08-05T11:00+02:00');
INSERT OR REPLACE INTO course_sessions (id, course_id, start_datetime) VALUES ('en_t3_b2_course_s28', 'en_t3_b2', '2026-08-12T11:00+02:00');
INSERT OR REPLACE INTO course_sessions (id, course_id, start_datetime) VALUES ('en_t3_b2_course_s29', 'en_t3_b2', '2026-08-19T11:00+02:00');
INSERT OR REPLACE INTO course_sessions (id, course_id, start_datetime) VALUES ('en_t3_b2_course_s30', 'en_t3_b2', '2026-08-26T11:00+02:00');
INSERT OR REPLACE INTO course_sessions (id, course_id, start_datetime) VALUES ('en_t3_b2_course_s31', 'en_t3_b2', '2026-09-02T11:00+02:00');
INSERT OR REPLACE INTO course_sessions (id, course_id, start_datetime) VALUES ('en_t3_b2_course_s32', 'en_t3_b2', '2026-09-09T11:00+02:00');
INSERT OR REPLACE INTO course_sessions (id, course_id, start_datetime) VALUES ('en_t3_b2_course_s33', 'en_t3_b2', '2026-09-16T11:00+02:00');
INSERT OR REPLACE INTO course_sessions (id, course_id, start_datetime) VALUES ('en_t3_b2_course_s34', 'en_t3_b2', '2026-09-23T11:00+02:00');
INSERT OR REPLACE INTO course_sessions (id, course_id, start_datetime) VALUES ('en_t3_b2_course_s35', 'en_t3_b2', '2026-09-30T11:00+02:00');
INSERT OR REPLACE INTO course_sessions (id, course_id, start_datetime) VALUES ('en_t3_b2_course_s36', 'en_t3_b2', '2026-10-07T11:00+02:00');

INSERT OR REPLACE INTO teachers (id, language, name, username) VALUES ('en_t4', 'en', 'Debbie Cox', NULL);
INSERT OR REPLACE INTO availability_slots (id, teacher_id, weekdays_json, start_time, end_time, start_date, end_date, time_zone) VALUES ('en_t4_a1', 'en_t4', '[2,3]', '16:00', '17:00', '2026-01-31', '2026-12-30', 'Europe/Warsaw');
INSERT OR REPLACE INTO availability_slots (id, teacher_id, weekdays_json, start_time, end_time, start_date, end_date, time_zone) VALUES ('en_t4_a2', 'en_t4', '[5]', '09:00', '12:00', '2026-02-26', '2026-12-30', 'Europe/Warsaw');
INSERT OR REPLACE INTO courses (id, teacher_id, group_reference, time_zone, duration_minutes) VALUES ('en_t4_b1', 'en_t4', 'Group 34', 'America/Los_Angeles', 60);
INSERT OR REPLACE INTO course_sessions (id, course_id, start_datetime) VALUES ('en_t4_b1_course_s1', 'en_t4_b1', '2026-02-03T16:00+01:00');
INSERT OR REPLACE INTO course_sessions (id, course_id, start_datetime) VALUES ('en_t4_b1_course_s2', 'en_t4_b1', '2026-02-10T16:00+01:00');
INSERT OR REPLACE INTO course_sessions (id, course_id, start_datetime) VALUES ('en_t4_b1_course_s3', 'en_t4_b1', '2026-02-17T16:00+01:00');
INSERT OR REPLACE INTO course_sessions (id, course_id, start_datetime) VALUES ('en_t4_b1_course_s4', 'en_t4_b1', '2026-02-24T16:00+01:00');
INSERT OR REPLACE INTO course_sessions (id, course_id, start_datetime) VALUES ('en_t4_b1_course_s5', 'en_t4_b1', '2026-03-03T16:00+01:00');
INSERT OR REPLACE INTO course_sessions (id, course_id, start_datetime) VALUES ('en_t4_b1_course_s6', 'en_t4_b1', '2026-03-10T16:00+01:00');
INSERT OR REPLACE INTO course_sessions (id, course_id, start_datetime) VALUES ('en_t4_b1_course_s7', 'en_t4_b1', '2026-03-17T16:00+01:00');
INSERT OR REPLACE INTO course_sessions (id, course_id, start_datetime) VALUES ('en_t4_b1_course_s8', 'en_t4_b1', '2026-03-24T16:00+01:00');
INSERT OR REPLACE INTO course_sessions (id, course_id, start_datetime) VALUES ('en_t4_b1_course_s9', 'en_t4_b1', '2026-03-31T16:00+02:00');
INSERT OR REPLACE INTO course_sessions (id, course_id, start_datetime) VALUES ('en_t4_b1_course_s10', 'en_t4_b1', '2026-04-07T16:00+02:00');
INSERT OR REPLACE INTO course_sessions (id, course_id, start_datetime) VALUES ('en_t4_b1_course_s11', 'en_t4_b1', '2026-04-14T16:00+02:00');
INSERT OR REPLACE INTO course_sessions (id, course_id, start_datetime) VALUES ('en_t4_b1_course_s12', 'en_t4_b1', '2026-04-21T16:00+02:00');
INSERT OR REPLACE INTO course_sessions (id, course_id, start_datetime) VALUES ('en_t4_b1_course_s13', 'en_t4_b1', '2026-04-28T16:00+02:00');
INSERT OR REPLACE INTO course_sessions (id, course_id, start_datetime) VALUES ('en_t4_b1_course_s14', 'en_t4_b1', '2026-05-05T16:00+02:00');
INSERT OR REPLACE INTO course_sessions (id, course_id, start_datetime) VALUES ('en_t4_b1_course_s15', 'en_t4_b1', '2026-05-12T16:00+02:00');
INSERT OR REPLACE INTO course_sessions (id, course_id, start_datetime) VALUES ('en_t4_b1_course_s16', 'en_t4_b1', '2026-05-19T16:00+02:00');
INSERT OR REPLACE INTO course_sessions (id, course_id, start_datetime) VALUES ('en_t4_b1_course_s17', 'en_t4_b1', '2026-05-26T16:00+02:00');
INSERT OR REPLACE INTO course_sessions (id, course_id, start_datetime) VALUES ('en_t4_b1_course_s18', 'en_t4_b1', '2026-06-02T16:00+02:00');
INSERT OR REPLACE INTO course_sessions (id, course_id, start_datetime) VALUES ('en_t4_b1_course_s19', 'en_t4_b1', '2026-06-09T16:00+02:00');
INSERT OR REPLACE INTO course_sessions (id, course_id, start_datetime) VALUES ('en_t4_b1_course_s20', 'en_t4_b1', '2026-06-16T16:00+02:00');
INSERT OR REPLACE INTO course_sessions (id, course_id, start_datetime) VALUES ('en_t4_b1_course_s21', 'en_t4_b1', '2026-06-23T16:00+02:00');
INSERT OR REPLACE INTO course_sessions (id, course_id, start_datetime) VALUES ('en_t4_b1_course_s22', 'en_t4_b1', '2026-06-30T16:00+02:00');
INSERT OR REPLACE INTO course_sessions (id, course_id, start_datetime) VALUES ('en_t4_b1_course_s23', 'en_t4_b1', '2026-07-07T16:00+02:00');
INSERT OR REPLACE INTO course_sessions (id, course_id, start_datetime) VALUES ('en_t4_b1_course_s24', 'en_t4_b1', '2026-07-14T16:00+02:00');
INSERT OR REPLACE INTO courses (id, teacher_id, group_reference, time_zone, duration_minutes) VALUES ('en_t4_b2', 'en_t4', 'Group 59', 'America/New_York', 60);
INSERT OR REPLACE INTO course_sessions (id, course_id, start_datetime) VALUES ('en_t4_b2_course_s1', 'en_t4_b2', '2026-03-04T16:00+01:00');
INSERT OR REPLACE INTO course_sessions (id, course_id, start_datetime) VALUES ('en_t4_b2_course_s2', 'en_t4_b2', '2026-03-11T16:00+01:00');
INSERT OR REPLACE INTO course_sessions (id, course_id, start_datetime) VALUES ('en_t4_b2_course_s3', 'en_t4_b2', '2026-03-18T16:00+01:00');
INSERT OR REPLACE INTO course_sessions (id, course_id, start_datetime) VALUES ('en_t4_b2_course_s4', 'en_t4_b2', '2026-03-25T16:00+01:00');
INSERT OR REPLACE INTO course_sessions (id, course_id, start_datetime) VALUES ('en_t4_b2_course_s5', 'en_t4_b2', '2026-04-01T16:00+02:00');
INSERT OR REPLACE INTO course_sessions (id, course_id, start_datetime) VALUES ('en_t4_b2_course_s6', 'en_t4_b2', '2026-04-08T16:00+02:00');
INSERT OR REPLACE INTO course_sessions (id, course_id, start_datetime) VALUES ('en_t4_b2_course_s7', 'en_t4_b2', '2026-04-15T16:00+02:00');
INSERT OR REPLACE INTO course_sessions (id, course_id, start_datetime) VALUES ('en_t4_b2_course_s8', 'en_t4_b2', '2026-04-22T16:00+02:00');
INSERT OR REPLACE INTO course_sessions (id, course_id, start_datetime) VALUES ('en_t4_b2_course_s9', 'en_t4_b2', '2026-04-29T16:00+02:00');
INSERT OR REPLACE INTO course_sessions (id, course_id, start_datetime) VALUES ('en_t4_b2_course_s10', 'en_t4_b2', '2026-05-06T16:00+02:00');
INSERT OR REPLACE INTO course_sessions (id, course_id, start_datetime) VALUES ('en_t4_b2_course_s11', 'en_t4_b2', '2026-05-13T16:00+02:00');
INSERT OR REPLACE INTO course_sessions (id, course_id, start_datetime) VALUES ('en_t4_b2_course_s12', 'en_t4_b2', '2026-05-20T16:00+02:00');
INSERT OR REPLACE INTO course_sessions (id, course_id, start_datetime) VALUES ('en_t4_b2_course_s13', 'en_t4_b2', '2026-05-27T16:00+02:00');
INSERT OR REPLACE INTO course_sessions (id, course_id, start_datetime) VALUES ('en_t4_b2_course_s14', 'en_t4_b2', '2026-06-03T16:00+02:00');
INSERT OR REPLACE INTO course_sessions (id, course_id, start_datetime) VALUES ('en_t4_b2_course_s15', 'en_t4_b2', '2026-06-10T16:00+02:00');
INSERT OR REPLACE INTO course_sessions (id, course_id, start_datetime) VALUES ('en_t4_b2_course_s16', 'en_t4_b2', '2026-06-17T16:00+02:00');
INSERT OR REPLACE INTO course_sessions (id, course_id, start_datetime) VALUES ('en_t4_b2_course_s17', 'en_t4_b2', '2026-06-24T16:00+02:00');
INSERT OR REPLACE INTO course_sessions (id, course_id, start_datetime) VALUES ('en_t4_b2_course_s18', 'en_t4_b2', '2026-07-01T16:00+02:00');
INSERT OR REPLACE INTO course_sessions (id, course_id, start_datetime) VALUES ('en_t4_b2_course_s19', 'en_t4_b2', '2026-07-08T16:00+02:00');
INSERT OR REPLACE INTO course_sessions (id, course_id, start_datetime) VALUES ('en_t4_b2_course_s20', 'en_t4_b2', '2026-07-15T16:00+02:00');
INSERT OR REPLACE INTO course_sessions (id, course_id, start_datetime) VALUES ('en_t4_b2_course_s21', 'en_t4_b2', '2026-07-22T16:00+02:00');
INSERT OR REPLACE INTO course_sessions (id, course_id, start_datetime) VALUES ('en_t4_b2_course_s22', 'en_t4_b2', '2026-07-29T16:00+02:00');
INSERT OR REPLACE INTO courses (id, teacher_id, group_reference, time_zone, duration_minutes) VALUES ('en_t4_b3', 'en_t4', 'Group 05', 'Europe/Warsaw', 60);
INSERT OR REPLACE INTO course_sessions (id, course_id, start_datetime) VALUES ('en_t4_b3_course_s1', 'en_t4_b3', '2026-02-27T09:00+01:00');
INSERT OR REPLACE INTO course_sessions (id, course_id, start_datetime) VALUES ('en_t4_b3_course_s2', 'en_t4_b3', '2026-03-06T09:00+01:00');
INSERT OR REPLACE INTO course_sessions (id, course_id, start_datetime) VALUES ('en_t4_b3_course_s3', 'en_t4_b3', '2026-03-13T09:00+01:00');
INSERT OR REPLACE INTO course_sessions (id, course_id, start_datetime) VALUES ('en_t4_b3_course_s4', 'en_t4_b3', '2026-03-20T09:00+01:00');
INSERT OR REPLACE INTO course_sessions (id, course_id, start_datetime) VALUES ('en_t4_b3_course_s5', 'en_t4_b3', '2026-03-27T09:00+01:00');
INSERT OR REPLACE INTO course_sessions (id, course_id, start_datetime) VALUES ('en_t4_b3_course_s6', 'en_t4_b3', '2026-04-03T09:00+02:00');
INSERT OR REPLACE INTO course_sessions (id, course_id, start_datetime) VALUES ('en_t4_b3_course_s7', 'en_t4_b3', '2026-04-10T09:00+02:00');
INSERT OR REPLACE INTO course_sessions (id, course_id, start_datetime) VALUES ('en_t4_b3_course_s8', 'en_t4_b3', '2026-04-17T09:00+02:00');
INSERT OR REPLACE INTO course_sessions (id, course_id, start_datetime) VALUES ('en_t4_b3_course_s9', 'en_t4_b3', '2026-04-24T09:00+02:00');
INSERT OR REPLACE INTO course_sessions (id, course_id, start_datetime) VALUES ('en_t4_b3_course_s10', 'en_t4_b3', '2026-05-01T09:00+02:00');
INSERT OR REPLACE INTO course_sessions (id, course_id, start_datetime) VALUES ('en_t4_b3_course_s11', 'en_t4_b3', '2026-05-08T09:00+02:00');
INSERT OR REPLACE INTO course_sessions (id, course_id, start_datetime) VALUES ('en_t4_b3_course_s12', 'en_t4_b3', '2026-05-15T09:00+02:00');
INSERT OR REPLACE INTO course_sessions (id, course_id, start_datetime) VALUES ('en_t4_b3_course_s13', 'en_t4_b3', '2026-05-22T09:00+02:00');
INSERT OR REPLACE INTO course_sessions (id, course_id, start_datetime) VALUES ('en_t4_b3_course_s14', 'en_t4_b3', '2026-05-29T09:00+02:00');
INSERT OR REPLACE INTO course_sessions (id, course_id, start_datetime) VALUES ('en_t4_b3_course_s15', 'en_t4_b3', '2026-06-05T09:00+02:00');
INSERT OR REPLACE INTO course_sessions (id, course_id, start_datetime) VALUES ('en_t4_b3_course_s16', 'en_t4_b3', '2026-06-12T09:00+02:00');
INSERT OR REPLACE INTO course_sessions (id, course_id, start_datetime) VALUES ('en_t4_b3_course_s17', 'en_t4_b3', '2026-06-19T09:00+02:00');
INSERT OR REPLACE INTO course_sessions (id, course_id, start_datetime) VALUES ('en_t4_b3_course_s18', 'en_t4_b3', '2026-06-26T09:00+02:00');
INSERT OR REPLACE INTO course_sessions (id, course_id, start_datetime) VALUES ('en_t4_b3_course_s19', 'en_t4_b3', '2026-07-03T09:00+02:00');
INSERT OR REPLACE INTO course_sessions (id, course_id, start_datetime) VALUES ('en_t4_b3_course_s20', 'en_t4_b3', '2026-07-10T09:00+02:00');
INSERT OR REPLACE INTO course_sessions (id, course_id, start_datetime) VALUES ('en_t4_b3_course_s21', 'en_t4_b3', '2026-07-17T09:00+02:00');
INSERT OR REPLACE INTO course_sessions (id, course_id, start_datetime) VALUES ('en_t4_b3_course_s22', 'en_t4_b3', '2026-07-24T09:00+02:00');
INSERT OR REPLACE INTO course_sessions (id, course_id, start_datetime) VALUES ('en_t4_b3_course_s23', 'en_t4_b3', '2026-07-31T09:00+02:00');
INSERT OR REPLACE INTO course_sessions (id, course_id, start_datetime) VALUES ('en_t4_b3_course_s24', 'en_t4_b3', '2026-08-07T09:00+02:00');
INSERT OR REPLACE INTO course_sessions (id, course_id, start_datetime) VALUES ('en_t4_b3_course_s25', 'en_t4_b3', '2026-08-14T09:00+02:00');
INSERT OR REPLACE INTO course_sessions (id, course_id, start_datetime) VALUES ('en_t4_b3_course_s26', 'en_t4_b3', '2026-08-21T09:00+02:00');
INSERT OR REPLACE INTO course_sessions (id, course_id, start_datetime) VALUES ('en_t4_b3_course_s27', 'en_t4_b3', '2026-08-28T09:00+02:00');
INSERT OR REPLACE INTO course_sessions (id, course_id, start_datetime) VALUES ('en_t4_b3_course_s28', 'en_t4_b3', '2026-09-04T09:00+02:00');
INSERT OR REPLACE INTO course_sessions (id, course_id, start_datetime) VALUES ('en_t4_b3_course_s29', 'en_t4_b3', '2026-09-11T09:00+02:00');
INSERT OR REPLACE INTO course_sessions (id, course_id, start_datetime) VALUES ('en_t4_b3_course_s30', 'en_t4_b3', '2026-09-18T09:00+02:00');
INSERT OR REPLACE INTO course_sessions (id, course_id, start_datetime) VALUES ('en_t4_b3_course_s31', 'en_t4_b3', '2026-09-25T09:00+02:00');
INSERT OR REPLACE INTO course_sessions (id, course_id, start_datetime) VALUES ('en_t4_b3_course_s32', 'en_t4_b3', '2026-10-02T09:00+02:00');
INSERT OR REPLACE INTO course_sessions (id, course_id, start_datetime) VALUES ('en_t4_b3_course_s33', 'en_t4_b3', '2026-10-09T09:00+02:00');
INSERT OR REPLACE INTO course_sessions (id, course_id, start_datetime) VALUES ('en_t4_b3_course_s34', 'en_t4_b3', '2026-10-16T09:00+02:00');
INSERT OR REPLACE INTO course_sessions (id, course_id, start_datetime) VALUES ('en_t4_b3_course_s35', 'en_t4_b3', '2026-10-23T09:00+02:00');
INSERT OR REPLACE INTO course_sessions (id, course_id, start_datetime) VALUES ('en_t4_b3_course_s36', 'en_t4_b3', '2026-10-30T09:00+01:00');

INSERT OR REPLACE INTO teachers (id, language, name, username) VALUES ('en_t5', 'en', 'Jeffson Elabanjo', NULL);
INSERT OR REPLACE INTO availability_slots (id, teacher_id, weekdays_json, start_time, end_time, start_date, end_date, time_zone) VALUES ('en_t5_a2', 'en_t5', '[5]', '09:00', '12:00', '2026-02-26', '2026-12-30', 'Europe/Warsaw');
INSERT OR REPLACE INTO courses (id, teacher_id, group_reference, time_zone, duration_minutes) VALUES ('en_t5_b1', 'en_t5', 'Group 07', 'Europe/Warsaw', 60);
INSERT OR REPLACE INTO course_sessions (id, course_id, start_datetime) VALUES ('en_t5_b1_course_s1', 'en_t5_b1', '2026-02-27T09:00+01:00');
INSERT OR REPLACE INTO course_sessions (id, course_id, start_datetime) VALUES ('en_t5_b1_course_s2', 'en_t5_b1', '2026-03-06T09:00+01:00');
INSERT OR REPLACE INTO course_sessions (id, course_id, start_datetime) VALUES ('en_t5_b1_course_s3', 'en_t5_b1', '2026-03-13T09:00+01:00');
INSERT OR REPLACE INTO course_sessions (id, course_id, start_datetime) VALUES ('en_t5_b1_course_s4', 'en_t5_b1', '2026-03-20T09:00+01:00');
INSERT OR REPLACE INTO course_sessions (id, course_id, start_datetime) VALUES ('en_t5_b1_course_s5', 'en_t5_b1', '2026-03-27T09:00+01:00');
INSERT OR REPLACE INTO course_sessions (id, course_id, start_datetime) VALUES ('en_t5_b1_course_s6', 'en_t5_b1', '2026-04-03T09:00+02:00');
INSERT OR REPLACE INTO course_sessions (id, course_id, start_datetime) VALUES ('en_t5_b1_course_s7', 'en_t5_b1', '2026-04-10T09:00+02:00');
INSERT OR REPLACE INTO course_sessions (id, course_id, start_datetime) VALUES ('en_t5_b1_course_s8', 'en_t5_b1', '2026-04-17T09:00+02:00');
INSERT OR REPLACE INTO course_sessions (id, course_id, start_datetime) VALUES ('en_t5_b1_course_s9', 'en_t5_b1', '2026-04-24T09:00+02:00');
INSERT OR REPLACE INTO course_sessions (id, course_id, start_datetime) VALUES ('en_t5_b1_course_s10', 'en_t5_b1', '2026-05-01T09:00+02:00');
INSERT OR REPLACE INTO course_sessions (id, course_id, start_datetime) VALUES ('en_t5_b1_course_s11', 'en_t5_b1', '2026-05-08T09:00+02:00');
INSERT OR REPLACE INTO course_sessions (id, course_id, start_datetime) VALUES ('en_t5_b1_course_s12', 'en_t5_b1', '2026-05-15T09:00+02:00');
INSERT OR REPLACE INTO course_sessions (id, course_id, start_datetime) VALUES ('en_t5_b1_course_s13', 'en_t5_b1', '2026-05-22T09:00+02:00');
INSERT OR REPLACE INTO course_sessions (id, course_id, start_datetime) VALUES ('en_t5_b1_course_s14', 'en_t5_b1', '2026-05-29T09:00+02:00');
INSERT OR REPLACE INTO course_sessions (id, course_id, start_datetime) VALUES ('en_t5_b1_course_s15', 'en_t5_b1', '2026-06-05T09:00+02:00');
INSERT OR REPLACE INTO course_sessions (id, course_id, start_datetime) VALUES ('en_t5_b1_course_s16', 'en_t5_b1', '2026-06-12T09:00+02:00');
INSERT OR REPLACE INTO course_sessions (id, course_id, start_datetime) VALUES ('en_t5_b1_course_s17', 'en_t5_b1', '2026-06-19T09:00+02:00');
INSERT OR REPLACE INTO course_sessions (id, course_id, start_datetime) VALUES ('en_t5_b1_course_s18', 'en_t5_b1', '2026-06-26T09:00+02:00');
INSERT OR REPLACE INTO course_sessions (id, course_id, start_datetime) VALUES ('en_t5_b1_course_s19', 'en_t5_b1', '2026-07-03T09:00+02:00');
INSERT OR REPLACE INTO course_sessions (id, course_id, start_datetime) VALUES ('en_t5_b1_course_s20', 'en_t5_b1', '2026-07-10T09:00+02:00');
INSERT OR REPLACE INTO course_sessions (id, course_id, start_datetime) VALUES ('en_t5_b1_course_s21', 'en_t5_b1', '2026-07-17T09:00+02:00');
INSERT OR REPLACE INTO course_sessions (id, course_id, start_datetime) VALUES ('en_t5_b1_course_s22', 'en_t5_b1', '2026-07-24T09:00+02:00');
INSERT OR REPLACE INTO course_sessions (id, course_id, start_datetime) VALUES ('en_t5_b1_course_s23', 'en_t5_b1', '2026-07-31T09:00+02:00');
INSERT OR REPLACE INTO course_sessions (id, course_id, start_datetime) VALUES ('en_t5_b1_course_s24', 'en_t5_b1', '2026-08-07T09:00+02:00');
INSERT OR REPLACE INTO course_sessions (id, course_id, start_datetime) VALUES ('en_t5_b1_course_s25', 'en_t5_b1', '2026-08-14T09:00+02:00');
INSERT OR REPLACE INTO course_sessions (id, course_id, start_datetime) VALUES ('en_t5_b1_course_s26', 'en_t5_b1', '2026-08-21T09:00+02:00');
INSERT OR REPLACE INTO course_sessions (id, course_id, start_datetime) VALUES ('en_t5_b1_course_s27', 'en_t5_b1', '2026-08-28T09:00+02:00');
INSERT OR REPLACE INTO course_sessions (id, course_id, start_datetime) VALUES ('en_t5_b1_course_s28', 'en_t5_b1', '2026-09-04T09:00+02:00');
INSERT OR REPLACE INTO course_sessions (id, course_id, start_datetime) VALUES ('en_t5_b1_course_s29', 'en_t5_b1', '2026-09-11T09:00+02:00');
INSERT OR REPLACE INTO course_sessions (id, course_id, start_datetime) VALUES ('en_t5_b1_course_s30', 'en_t5_b1', '2026-09-18T09:00+02:00');
INSERT OR REPLACE INTO course_sessions (id, course_id, start_datetime) VALUES ('en_t5_b1_course_s31', 'en_t5_b1', '2026-09-25T09:00+02:00');
INSERT OR REPLACE INTO course_sessions (id, course_id, start_datetime) VALUES ('en_t5_b1_course_s32', 'en_t5_b1', '2026-10-02T09:00+02:00');
INSERT OR REPLACE INTO course_sessions (id, course_id, start_datetime) VALUES ('en_t5_b1_course_s33', 'en_t5_b1', '2026-10-09T09:00+02:00');
INSERT OR REPLACE INTO course_sessions (id, course_id, start_datetime) VALUES ('en_t5_b1_course_s34', 'en_t5_b1', '2026-10-16T09:00+02:00');
INSERT OR REPLACE INTO course_sessions (id, course_id, start_datetime) VALUES ('en_t5_b1_course_s35', 'en_t5_b1', '2026-10-23T09:00+02:00');
INSERT OR REPLACE INTO course_sessions (id, course_id, start_datetime) VALUES ('en_t5_b1_course_s36', 'en_t5_b1', '2026-10-30T09:00+01:00');

INSERT OR REPLACE INTO teachers (id, language, name, username) VALUES ('en_t6', 'en', 'New Teacher 01', NULL);
INSERT OR REPLACE INTO availability_slots (id, teacher_id, weekdays_json, start_time, end_time, start_date, end_date, time_zone) VALUES ('en_t6_a1', 'en_t6', '[1,2,3,4,5]', '16:00', '20:00', '2026-03-14', '2026-12-30', 'Europe/Warsaw');
INSERT OR REPLACE INTO availability_slots (id, teacher_id, weekdays_json, start_time, end_time, start_date, end_date, time_zone) VALUES ('en_t6_a1', 'en_t6', '[4,5]', '15:00', '16:00', '2026-03-18', '2026-12-30', 'Europe/Warsaw');

INSERT OR REPLACE INTO teachers (id, language, name, username) VALUES ('en_t7', 'en', 'New Teacher 02', NULL);
INSERT OR REPLACE INTO availability_slots (id, teacher_id, weekdays_json, start_time, end_time, start_date, end_date, time_zone) VALUES ('en_t7_a1', 'en_t7', '[1]', '16:00', '18:00', '2026-03-15', '2026-12-30', 'Europe/Warsaw');
INSERT OR REPLACE INTO availability_slots (id, teacher_id, weekdays_json, start_time, end_time, start_date, end_date, time_zone) VALUES ('en_t7_a1', 'en_t7', '[2,3]', '17:00', '19:00', '2026-03-16', '2026-12-30', 'Europe/Warsaw');
INSERT OR REPLACE INTO availability_slots (id, teacher_id, weekdays_json, start_time, end_time, start_date, end_date, time_zone) VALUES ('en_t7_a1', 'en_t7', '[4,5]', '16:00', '19:00', '2026-03-18', '2026-12-30', 'Europe/Warsaw');

INSERT OR REPLACE INTO teachers (id, language, name, username) VALUES ('en_t8', 'en', 'New Teacher 03', NULL);
INSERT OR REPLACE INTO availability_slots (id, teacher_id, weekdays_json, start_time, end_time, start_date, end_date, time_zone) VALUES ('en_t8_a1', 'en_t8', '[1]', '16:00', '17:00', '2026-03-15', '2026-12-30', 'Europe/Warsaw');


-- =========================
-- Seed from: german.json
-- language: de
-- =========================

INSERT OR REPLACE INTO teachers (id, language, name, username) VALUES ('de_t1', 'de', 'Suraj Somkuwar', NULL);
INSERT OR REPLACE INTO availability_slots (id, teacher_id, weekdays_json, start_time, end_time, start_date, end_date, time_zone) VALUES ('de_t1_a1', 'de_t1', '[1,2,4]', '09:00', '12:00', '2026-01-15', '2026-10-31', 'Europe/Warsaw');
INSERT OR REPLACE INTO availability_slots (id, teacher_id, weekdays_json, start_time, end_time, start_date, end_date, time_zone) VALUES ('de_t1_a2', 'de_t1', '[3]', '09:00', '13:00', '2026-01-15', '2026-10-31', 'Europe/Warsaw');
INSERT OR REPLACE INTO availability_slots (id, teacher_id, weekdays_json, start_time, end_time, start_date, end_date, time_zone) VALUES ('de_t1_a3', 'de_t1', '[5]', '09:00', '11:00', '2026-01-15', '2026-10-31', 'Europe/Warsaw');


-- =========================
-- Seed from: spanish.json
-- language: es
-- =========================

INSERT OR REPLACE INTO teachers (id, language, name, username) VALUES ('es_t1', 'es', 'Gisela', NULL);
INSERT OR REPLACE INTO availability_slots (id, teacher_id, weekdays_json, start_time, end_time, start_date, end_date, time_zone) VALUES ('es_t1_a1', 'es_t1', '[2,3]', '17:00', '19:00', '2026-01-14', '2026-12-30', 'Europe/Warsaw');
INSERT OR REPLACE INTO availability_slots (id, teacher_id, weekdays_json, start_time, end_time, start_date, end_date, time_zone) VALUES ('es_t1_a2', 'es_t1', '[4]', '17:00', '18:00', '2026-01-14', '2026-12-30', 'Europe/Warsaw');
INSERT OR REPLACE INTO courses (id, teacher_id, group_reference, time_zone, duration_minutes) VALUES ('es_t1_b1', 'es_t1', 'Group 38', 'America/Los_Angeles', 60);
INSERT OR REPLACE INTO course_sessions (id, course_id, start_datetime) VALUES ('es_t1_b1_course_s1', 'es_t1_b1', '2026-01-21T18:00+01:00');
INSERT OR REPLACE INTO course_sessions (id, course_id, start_datetime) VALUES ('es_t1_b1_course_s2', 'es_t1_b1', '2026-01-28T18:00+01:00');
INSERT OR REPLACE INTO course_sessions (id, course_id, start_datetime) VALUES ('es_t1_b1_course_s3', 'es_t1_b1', '2026-02-04T18:00+01:00');
INSERT OR REPLACE INTO course_sessions (id, course_id, start_datetime) VALUES ('es_t1_b1_course_s4', 'es_t1_b1', '2026-02-11T18:00+01:00');
INSERT OR REPLACE INTO course_sessions (id, course_id, start_datetime) VALUES ('es_t1_b1_course_s5', 'es_t1_b1', '2026-02-18T18:00+01:00');
INSERT OR REPLACE INTO course_sessions (id, course_id, start_datetime) VALUES ('es_t1_b1_course_s6', 'es_t1_b1', '2026-02-25T18:00+01:00');
INSERT OR REPLACE INTO course_sessions (id, course_id, start_datetime) VALUES ('es_t1_b1_course_s7', 'es_t1_b1', '2026-03-04T18:00+01:00');
INSERT OR REPLACE INTO course_sessions (id, course_id, start_datetime) VALUES ('es_t1_b1_course_s8', 'es_t1_b1', '2026-03-11T17:00+01:00');
INSERT OR REPLACE INTO course_sessions (id, course_id, start_datetime) VALUES ('es_t1_b1_course_s9', 'es_t1_b1', '2026-03-18T17:00+01:00');
INSERT OR REPLACE INTO course_sessions (id, course_id, start_datetime) VALUES ('es_t1_b1_course_s10', 'es_t1_b1', '2026-03-25T17:00+01:00');
INSERT OR REPLACE INTO course_sessions (id, course_id, start_datetime) VALUES ('es_t1_b1_course_s11', 'es_t1_b1', '2026-04-01T18:00+02:00');
INSERT OR REPLACE INTO course_sessions (id, course_id, start_datetime) VALUES ('es_t1_b1_course_s12', 'es_t1_b1', '2026-04-08T18:00+02:00');
INSERT OR REPLACE INTO course_sessions (id, course_id, start_datetime) VALUES ('es_t1_b1_course_s13', 'es_t1_b1', '2026-04-15T18:00+02:00');
INSERT OR REPLACE INTO course_sessions (id, course_id, start_datetime) VALUES ('es_t1_b1_course_s14', 'es_t1_b1', '2026-04-22T18:00+02:00');
INSERT OR REPLACE INTO course_sessions (id, course_id, start_datetime) VALUES ('es_t1_b1_course_s15', 'es_t1_b1', '2026-04-29T18:00+02:00');
INSERT OR REPLACE INTO course_sessions (id, course_id, start_datetime) VALUES ('es_t1_b1_course_s16', 'es_t1_b1', '2026-05-06T18:00+02:00');
INSERT OR REPLACE INTO course_sessions (id, course_id, start_datetime) VALUES ('es_t1_b1_course_s17', 'es_t1_b1', '2026-05-13T18:00+02:00');
INSERT OR REPLACE INTO course_sessions (id, course_id, start_datetime) VALUES ('es_t1_b1_course_s18', 'es_t1_b1', '2026-05-20T18:00+02:00');
INSERT OR REPLACE INTO course_sessions (id, course_id, start_datetime) VALUES ('es_t1_b1_course_s19', 'es_t1_b1', '2026-05-27T18:00+02:00');
INSERT OR REPLACE INTO course_sessions (id, course_id, start_datetime) VALUES ('es_t1_b1_course_s20', 'es_t1_b1', '2026-06-03T18:00+02:00');
INSERT OR REPLACE INTO course_sessions (id, course_id, start_datetime) VALUES ('es_t1_b1_course_s21', 'es_t1_b1', '2026-06-10T18:00+02:00');
INSERT OR REPLACE INTO course_sessions (id, course_id, start_datetime) VALUES ('es_t1_b1_course_s22', 'es_t1_b1', '2026-06-17T18:00+02:00');
INSERT OR REPLACE INTO course_sessions (id, course_id, start_datetime) VALUES ('es_t1_b1_course_s23', 'es_t1_b1', '2026-06-24T18:00+02:00');
INSERT OR REPLACE INTO course_sessions (id, course_id, start_datetime) VALUES ('es_t1_b1_course_s24', 'es_t1_b1', '2026-07-01T18:00+02:00');
INSERT OR REPLACE INTO courses (id, teacher_id, group_reference, time_zone, duration_minutes) VALUES ('es_t1_b2', 'es_t1', 'Group 41', 'America/Los_Angeles', 60);
INSERT OR REPLACE INTO course_sessions (id, course_id, start_datetime) VALUES ('es_t1_b2_course_s1', 'es_t1_b2', '2026-01-20T18:00+01:00');
INSERT OR REPLACE INTO course_sessions (id, course_id, start_datetime) VALUES ('es_t1_b2_course_s2', 'es_t1_b2', '2026-01-27T18:00+01:00');
INSERT OR REPLACE INTO course_sessions (id, course_id, start_datetime) VALUES ('es_t1_b2_course_s3', 'es_t1_b2', '2026-02-03T18:00+01:00');
INSERT OR REPLACE INTO course_sessions (id, course_id, start_datetime) VALUES ('es_t1_b2_course_s4', 'es_t1_b2', '2026-02-10T18:00+01:00');
INSERT OR REPLACE INTO course_sessions (id, course_id, start_datetime) VALUES ('es_t1_b2_course_s5', 'es_t1_b2', '2026-02-17T18:00+01:00');
INSERT OR REPLACE INTO course_sessions (id, course_id, start_datetime) VALUES ('es_t1_b2_course_s6', 'es_t1_b2', '2026-02-24T18:00+01:00');
INSERT OR REPLACE INTO course_sessions (id, course_id, start_datetime) VALUES ('es_t1_b2_course_s7', 'es_t1_b2', '2026-03-03T18:00+01:00');
INSERT OR REPLACE INTO course_sessions (id, course_id, start_datetime) VALUES ('es_t1_b2_course_s8', 'es_t1_b2', '2026-03-10T17:00+01:00');
INSERT OR REPLACE INTO course_sessions (id, course_id, start_datetime) VALUES ('es_t1_b2_course_s9', 'es_t1_b2', '2026-03-17T17:00+01:00');
INSERT OR REPLACE INTO course_sessions (id, course_id, start_datetime) VALUES ('es_t1_b2_course_s10', 'es_t1_b2', '2026-03-24T17:00+01:00');
INSERT OR REPLACE INTO course_sessions (id, course_id, start_datetime) VALUES ('es_t1_b2_course_s11', 'es_t1_b2', '2026-03-31T18:00+02:00');
INSERT OR REPLACE INTO course_sessions (id, course_id, start_datetime) VALUES ('es_t1_b2_course_s12', 'es_t1_b2', '2026-04-07T18:00+02:00');
INSERT OR REPLACE INTO course_sessions (id, course_id, start_datetime) VALUES ('es_t1_b2_course_s13', 'es_t1_b2', '2026-04-14T18:00+02:00');
INSERT OR REPLACE INTO course_sessions (id, course_id, start_datetime) VALUES ('es_t1_b2_course_s14', 'es_t1_b2', '2026-04-21T18:00+02:00');
INSERT OR REPLACE INTO course_sessions (id, course_id, start_datetime) VALUES ('es_t1_b2_course_s15', 'es_t1_b2', '2026-04-28T18:00+02:00');
INSERT OR REPLACE INTO course_sessions (id, course_id, start_datetime) VALUES ('es_t1_b2_course_s16', 'es_t1_b2', '2026-05-05T18:00+02:00');
INSERT OR REPLACE INTO course_sessions (id, course_id, start_datetime) VALUES ('es_t1_b2_course_s17', 'es_t1_b2', '2026-05-12T18:00+02:00');
INSERT OR REPLACE INTO course_sessions (id, course_id, start_datetime) VALUES ('es_t1_b2_course_s18', 'es_t1_b2', '2026-05-19T18:00+02:00');
INSERT OR REPLACE INTO course_sessions (id, course_id, start_datetime) VALUES ('es_t1_b2_course_s19', 'es_t1_b2', '2026-05-26T18:00+02:00');
INSERT OR REPLACE INTO course_sessions (id, course_id, start_datetime) VALUES ('es_t1_b2_course_s20', 'es_t1_b2', '2026-06-02T18:00+02:00');
INSERT OR REPLACE INTO course_sessions (id, course_id, start_datetime) VALUES ('es_t1_b2_course_s21', 'es_t1_b2', '2026-06-09T18:00+02:00');
INSERT OR REPLACE INTO course_sessions (id, course_id, start_datetime) VALUES ('es_t1_b2_course_s22', 'es_t1_b2', '2026-06-16T18:00+02:00');
INSERT OR REPLACE INTO course_sessions (id, course_id, start_datetime) VALUES ('es_t1_b2_course_s23', 'es_t1_b2', '2026-06-23T18:00+02:00');
INSERT OR REPLACE INTO course_sessions (id, course_id, start_datetime) VALUES ('es_t1_b2_course_s24', 'es_t1_b2', '2026-06-30T18:00+02:00');
INSERT OR REPLACE INTO courses (id, teacher_id, group_reference, time_zone, duration_minutes) VALUES ('es_t1_b3', 'es_t1', 'Group 52', 'America/New_York', 60);
INSERT OR REPLACE INTO course_sessions (id, course_id, start_datetime) VALUES ('es_t1_b3_course_s1', 'es_t1_b3', '2026-03-04T17:00+01:00');
INSERT OR REPLACE INTO course_sessions (id, course_id, start_datetime) VALUES ('es_t1_b3_course_s2', 'es_t1_b3', '2026-03-11T18:00+01:00');
INSERT OR REPLACE INTO course_sessions (id, course_id, start_datetime) VALUES ('es_t1_b3_course_s3', 'es_t1_b3', '2026-03-18T18:00+01:00');
INSERT OR REPLACE INTO course_sessions (id, course_id, start_datetime) VALUES ('es_t1_b3_course_s4', 'es_t1_b3', '2026-03-25T18:00+01:00');
INSERT OR REPLACE INTO course_sessions (id, course_id, start_datetime) VALUES ('es_t1_b3_course_s5', 'es_t1_b3', '2026-04-01T17:00+02:00');
INSERT OR REPLACE INTO course_sessions (id, course_id, start_datetime) VALUES ('es_t1_b3_course_s6', 'es_t1_b3', '2026-04-08T17:00+02:00');
INSERT OR REPLACE INTO course_sessions (id, course_id, start_datetime) VALUES ('es_t1_b3_course_s7', 'es_t1_b3', '2026-04-15T17:00+02:00');
INSERT OR REPLACE INTO course_sessions (id, course_id, start_datetime) VALUES ('es_t1_b3_course_s8', 'es_t1_b3', '2026-04-22T17:00+02:00');
INSERT OR REPLACE INTO course_sessions (id, course_id, start_datetime) VALUES ('es_t1_b3_course_s9', 'es_t1_b3', '2026-04-29T17:00+02:00');
INSERT OR REPLACE INTO course_sessions (id, course_id, start_datetime) VALUES ('es_t1_b3_course_s10', 'es_t1_b3', '2026-05-06T17:00+02:00');
INSERT OR REPLACE INTO course_sessions (id, course_id, start_datetime) VALUES ('es_t1_b3_course_s11', 'es_t1_b3', '2026-05-13T17:00+02:00');
INSERT OR REPLACE INTO course_sessions (id, course_id, start_datetime) VALUES ('es_t1_b3_course_s12', 'es_t1_b3', '2026-05-20T17:00+02:00');
INSERT OR REPLACE INTO course_sessions (id, course_id, start_datetime) VALUES ('es_t1_b3_course_s13', 'es_t1_b3', '2026-05-27T17:00+02:00');
INSERT OR REPLACE INTO course_sessions (id, course_id, start_datetime) VALUES ('es_t1_b3_course_s14', 'es_t1_b3', '2026-06-03T17:00+02:00');
INSERT OR REPLACE INTO course_sessions (id, course_id, start_datetime) VALUES ('es_t1_b3_course_s15', 'es_t1_b3', '2026-06-10T17:00+02:00');
INSERT OR REPLACE INTO course_sessions (id, course_id, start_datetime) VALUES ('es_t1_b3_course_s16', 'es_t1_b3', '2026-06-17T17:00+02:00');
INSERT OR REPLACE INTO course_sessions (id, course_id, start_datetime) VALUES ('es_t1_b3_course_s17', 'es_t1_b3', '2026-06-24T17:00+02:00');
INSERT OR REPLACE INTO course_sessions (id, course_id, start_datetime) VALUES ('es_t1_b3_course_s18', 'es_t1_b3', '2026-07-01T17:00+02:00');
INSERT OR REPLACE INTO course_sessions (id, course_id, start_datetime) VALUES ('es_t1_b3_course_s19', 'es_t1_b3', '2026-07-08T17:00+02:00');
INSERT OR REPLACE INTO course_sessions (id, course_id, start_datetime) VALUES ('es_t1_b3_course_s20', 'es_t1_b3', '2026-07-15T17:00+02:00');
INSERT OR REPLACE INTO course_sessions (id, course_id, start_datetime) VALUES ('es_t1_b3_course_s21', 'es_t1_b3', '2026-07-22T17:00+02:00');
INSERT OR REPLACE INTO course_sessions (id, course_id, start_datetime) VALUES ('es_t1_b3_course_s22', 'es_t1_b3', '2026-07-29T17:00+02:00');
INSERT OR REPLACE INTO courses (id, teacher_id, group_reference, time_zone, duration_minutes) VALUES ('es_t1_b4', 'es_t1', 'Group 55', 'America/New_York', 60);
INSERT OR REPLACE INTO course_sessions (id, course_id, start_datetime) VALUES ('es_t1_b4_course_s1', 'es_t1_b4', '2026-03-05T17:00+01:00');
INSERT OR REPLACE INTO course_sessions (id, course_id, start_datetime) VALUES ('es_t1_b4_course_s2', 'es_t1_b4', '2026-03-12T17:00+01:00');
INSERT OR REPLACE INTO course_sessions (id, course_id, start_datetime) VALUES ('es_t1_b4_course_s3', 'es_t1_b4', '2026-03-19T17:00+01:00');
INSERT OR REPLACE INTO course_sessions (id, course_id, start_datetime) VALUES ('es_t1_b4_course_s4', 'es_t1_b4', '2026-03-26T17:00+01:00');
INSERT OR REPLACE INTO course_sessions (id, course_id, start_datetime) VALUES ('es_t1_b4_course_s5', 'es_t1_b4', '2026-04-02T17:00+02:00');
INSERT OR REPLACE INTO course_sessions (id, course_id, start_datetime) VALUES ('es_t1_b4_course_s6', 'es_t1_b4', '2026-04-09T17:00+02:00');
INSERT OR REPLACE INTO course_sessions (id, course_id, start_datetime) VALUES ('es_t1_b4_course_s7', 'es_t1_b4', '2026-04-16T17:00+02:00');
INSERT OR REPLACE INTO course_sessions (id, course_id, start_datetime) VALUES ('es_t1_b4_course_s8', 'es_t1_b4', '2026-04-23T17:00+02:00');
INSERT OR REPLACE INTO course_sessions (id, course_id, start_datetime) VALUES ('es_t1_b4_course_s9', 'es_t1_b4', '2026-04-30T17:00+02:00');
INSERT OR REPLACE INTO course_sessions (id, course_id, start_datetime) VALUES ('es_t1_b4_course_s10', 'es_t1_b4', '2026-05-07T17:00+02:00');
INSERT OR REPLACE INTO course_sessions (id, course_id, start_datetime) VALUES ('es_t1_b4_course_s11', 'es_t1_b4', '2026-05-14T17:00+02:00');
INSERT OR REPLACE INTO course_sessions (id, course_id, start_datetime) VALUES ('es_t1_b4_course_s12', 'es_t1_b4', '2026-05-21T17:00+02:00');
INSERT OR REPLACE INTO course_sessions (id, course_id, start_datetime) VALUES ('es_t1_b4_course_s13', 'es_t1_b4', '2026-05-28T17:00+02:00');
INSERT OR REPLACE INTO course_sessions (id, course_id, start_datetime) VALUES ('es_t1_b4_course_s14', 'es_t1_b4', '2026-06-04T17:00+02:00');
INSERT OR REPLACE INTO course_sessions (id, course_id, start_datetime) VALUES ('es_t1_b4_course_s15', 'es_t1_b4', '2026-06-11T17:00+02:00');
INSERT OR REPLACE INTO course_sessions (id, course_id, start_datetime) VALUES ('es_t1_b4_course_s16', 'es_t1_b4', '2026-06-18T17:00+02:00');
INSERT OR REPLACE INTO course_sessions (id, course_id, start_datetime) VALUES ('es_t1_b4_course_s17', 'es_t1_b4', '2026-06-25T17:00+02:00');
INSERT OR REPLACE INTO course_sessions (id, course_id, start_datetime) VALUES ('es_t1_b4_course_s18', 'es_t1_b4', '2026-07-02T17:00+02:00');
INSERT OR REPLACE INTO course_sessions (id, course_id, start_datetime) VALUES ('es_t1_b4_course_s19', 'es_t1_b4', '2026-07-09T17:00+02:00');
INSERT OR REPLACE INTO course_sessions (id, course_id, start_datetime) VALUES ('es_t1_b4_course_s20', 'es_t1_b4', '2026-07-16T17:00+02:00');
INSERT OR REPLACE INTO course_sessions (id, course_id, start_datetime) VALUES ('es_t1_b4_course_s21', 'es_t1_b4', '2026-07-23T17:00+02:00');
INSERT OR REPLACE INTO course_sessions (id, course_id, start_datetime) VALUES ('es_t1_b4_course_s22', 'es_t1_b4', '2026-07-30T17:00+02:00');

INSERT OR REPLACE INTO teachers (id, language, name, username) VALUES ('es_t2', 'es', 'Eloisa', NULL);
INSERT OR REPLACE INTO availability_slots (id, teacher_id, weekdays_json, start_time, end_time, start_date, end_date, time_zone) VALUES ('es_t2_a1', 'es_t2', '[2,3,4]', '15:00', '17:00', '2026-01-14', '2026-12-30', 'Europe/Warsaw');
INSERT OR REPLACE INTO availability_slots (id, teacher_id, weekdays_json, start_time, end_time, start_date, end_date, time_zone) VALUES ('es_t2_a1', 'es_t2', '[5]', '18:00', '20:00', '2026-01-14', '2026-12-30', 'Europe/Warsaw');
INSERT OR REPLACE INTO courses (id, teacher_id, group_reference, time_zone, duration_minutes) VALUES ('es_t2_b1', 'es_t2', 'Group 37', 'America/New_York', 60);
INSERT OR REPLACE INTO course_sessions (id, course_id, start_datetime) VALUES ('es_t2_b1_course_s1', 'es_t2_b1', '2026-01-20T15:00+01:00');
INSERT OR REPLACE INTO course_sessions (id, course_id, start_datetime) VALUES ('es_t2_b1_course_s2', 'es_t2_b1', '2026-01-27T15:00+01:00');
INSERT OR REPLACE INTO course_sessions (id, course_id, start_datetime) VALUES ('es_t2_b1_course_s3', 'es_t2_b1', '2026-02-03T15:00+01:00');
INSERT OR REPLACE INTO course_sessions (id, course_id, start_datetime) VALUES ('es_t2_b1_course_s4', 'es_t2_b1', '2026-02-10T15:00+01:00');
INSERT OR REPLACE INTO course_sessions (id, course_id, start_datetime) VALUES ('es_t2_b1_course_s5', 'es_t2_b1', '2026-02-17T15:00+01:00');
INSERT OR REPLACE INTO course_sessions (id, course_id, start_datetime) VALUES ('es_t2_b1_course_s6', 'es_t2_b1', '2026-02-24T15:00+01:00');
INSERT OR REPLACE INTO course_sessions (id, course_id, start_datetime) VALUES ('es_t2_b1_course_s7', 'es_t2_b1', '2026-03-03T15:00+01:00');
INSERT OR REPLACE INTO course_sessions (id, course_id, start_datetime) VALUES ('es_t2_b1_course_s8', 'es_t2_b1', '2026-03-10T15:00+01:00');
INSERT OR REPLACE INTO course_sessions (id, course_id, start_datetime) VALUES ('es_t2_b1_course_s9', 'es_t2_b1', '2026-03-17T15:00+01:00');
INSERT OR REPLACE INTO course_sessions (id, course_id, start_datetime) VALUES ('es_t2_b1_course_s10', 'es_t2_b1', '2026-03-24T15:00+01:00');
INSERT OR REPLACE INTO course_sessions (id, course_id, start_datetime) VALUES ('es_t2_b1_course_s11', 'es_t2_b1', '2026-03-31T15:00+02:00');
INSERT OR REPLACE INTO course_sessions (id, course_id, start_datetime) VALUES ('es_t2_b1_course_s12', 'es_t2_b1', '2026-04-07T15:00+02:00');
INSERT OR REPLACE INTO course_sessions (id, course_id, start_datetime) VALUES ('es_t2_b1_course_s13', 'es_t2_b1', '2026-04-14T15:00+02:00');
INSERT OR REPLACE INTO course_sessions (id, course_id, start_datetime) VALUES ('es_t2_b1_course_s14', 'es_t2_b1', '2026-04-21T15:00+02:00');
INSERT OR REPLACE INTO course_sessions (id, course_id, start_datetime) VALUES ('es_t2_b1_course_s15', 'es_t2_b1', '2026-04-28T15:00+02:00');
INSERT OR REPLACE INTO course_sessions (id, course_id, start_datetime) VALUES ('es_t2_b1_course_s16', 'es_t2_b1', '2026-05-05T15:00+02:00');
INSERT OR REPLACE INTO course_sessions (id, course_id, start_datetime) VALUES ('es_t2_b1_course_s17', 'es_t2_b1', '2026-05-12T15:00+02:00');
INSERT OR REPLACE INTO course_sessions (id, course_id, start_datetime) VALUES ('es_t2_b1_course_s18', 'es_t2_b1', '2026-05-19T15:00+02:00');
INSERT OR REPLACE INTO course_sessions (id, course_id, start_datetime) VALUES ('es_t2_b1_course_s19', 'es_t2_b1', '2026-05-26T15:00+02:00');
INSERT OR REPLACE INTO course_sessions (id, course_id, start_datetime) VALUES ('es_t2_b1_course_s20', 'es_t2_b1', '2026-06-02T15:00+02:00');
INSERT OR REPLACE INTO course_sessions (id, course_id, start_datetime) VALUES ('es_t2_b1_course_s21', 'es_t2_b1', '2026-06-09T15:00+02:00');
INSERT OR REPLACE INTO course_sessions (id, course_id, start_datetime) VALUES ('es_t2_b1_course_s22', 'es_t2_b1', '2026-06-16T15:00+02:00');
INSERT OR REPLACE INTO course_sessions (id, course_id, start_datetime) VALUES ('es_t2_b1_course_s23', 'es_t2_b1', '2026-06-23T15:00+02:00');
INSERT OR REPLACE INTO course_sessions (id, course_id, start_datetime) VALUES ('es_t2_b1_course_s24', 'es_t2_b1', '2026-06-30T15:00+02:00');
INSERT OR REPLACE INTO courses (id, teacher_id, group_reference, time_zone, duration_minutes) VALUES ('es_t2_b2', 'es_t2', 'Group 40', 'America/Los_Angeles', 60);
INSERT OR REPLACE INTO course_sessions (id, course_id, start_datetime) VALUES ('es_t2_b2_course_s1', 'es_t2_b2', '2026-01-15T15:00+01:00');
INSERT OR REPLACE INTO course_sessions (id, course_id, start_datetime) VALUES ('es_t2_b2_course_s2', 'es_t2_b2', '2026-01-22T15:00+01:00');
INSERT OR REPLACE INTO course_sessions (id, course_id, start_datetime) VALUES ('es_t2_b2_course_s3', 'es_t2_b2', '2026-01-29T15:00+01:00');
INSERT OR REPLACE INTO course_sessions (id, course_id, start_datetime) VALUES ('es_t2_b2_course_s4', 'es_t2_b2', '2026-02-05T15:00+01:00');
INSERT OR REPLACE INTO course_sessions (id, course_id, start_datetime) VALUES ('es_t2_b2_course_s5', 'es_t2_b2', '2026-02-12T15:00+01:00');
INSERT OR REPLACE INTO course_sessions (id, course_id, start_datetime) VALUES ('es_t2_b2_course_s6', 'es_t2_b2', '2026-02-19T15:00+01:00');
INSERT OR REPLACE INTO course_sessions (id, course_id, start_datetime) VALUES ('es_t2_b2_course_s7', 'es_t2_b2', '2026-02-26T15:00+01:00');
INSERT OR REPLACE INTO course_sessions (id, course_id, start_datetime) VALUES ('es_t2_b2_course_s8', 'es_t2_b2', '2026-03-05T15:00+01:00');
INSERT OR REPLACE INTO course_sessions (id, course_id, start_datetime) VALUES ('es_t2_b2_course_s9', 'es_t2_b2', '2026-03-12T15:00+01:00');
INSERT OR REPLACE INTO course_sessions (id, course_id, start_datetime) VALUES ('es_t2_b2_course_s10', 'es_t2_b2', '2026-03-19T15:00+01:00');
INSERT OR REPLACE INTO course_sessions (id, course_id, start_datetime) VALUES ('es_t2_b2_course_s11', 'es_t2_b2', '2026-03-26T15:00+01:00');
INSERT OR REPLACE INTO course_sessions (id, course_id, start_datetime) VALUES ('es_t2_b2_course_s12', 'es_t2_b2', '2026-04-02T15:00+02:00');
INSERT OR REPLACE INTO course_sessions (id, course_id, start_datetime) VALUES ('es_t2_b2_course_s13', 'es_t2_b2', '2026-04-09T15:00+02:00');
INSERT OR REPLACE INTO course_sessions (id, course_id, start_datetime) VALUES ('es_t2_b2_course_s14', 'es_t2_b2', '2026-04-16T15:00+02:00');
INSERT OR REPLACE INTO course_sessions (id, course_id, start_datetime) VALUES ('es_t2_b2_course_s15', 'es_t2_b2', '2026-04-23T15:00+02:00');
INSERT OR REPLACE INTO course_sessions (id, course_id, start_datetime) VALUES ('es_t2_b2_course_s16', 'es_t2_b2', '2026-04-30T15:00+02:00');
INSERT OR REPLACE INTO course_sessions (id, course_id, start_datetime) VALUES ('es_t2_b2_course_s17', 'es_t2_b2', '2026-05-07T15:00+02:00');
INSERT OR REPLACE INTO course_sessions (id, course_id, start_datetime) VALUES ('es_t2_b2_course_s18', 'es_t2_b2', '2026-05-14T15:00+02:00');
INSERT OR REPLACE INTO course_sessions (id, course_id, start_datetime) VALUES ('es_t2_b2_course_s19', 'es_t2_b2', '2026-05-21T15:00+02:00');
INSERT OR REPLACE INTO course_sessions (id, course_id, start_datetime) VALUES ('es_t2_b2_course_s20', 'es_t2_b2', '2026-05-28T15:00+02:00');
INSERT OR REPLACE INTO course_sessions (id, course_id, start_datetime) VALUES ('es_t2_b2_course_s21', 'es_t2_b2', '2026-06-04T15:00+02:00');
INSERT OR REPLACE INTO course_sessions (id, course_id, start_datetime) VALUES ('es_t2_b2_course_s22', 'es_t2_b2', '2026-06-11T15:00+02:00');
INSERT OR REPLACE INTO course_sessions (id, course_id, start_datetime) VALUES ('es_t2_b2_course_s23', 'es_t2_b2', '2026-06-18T15:00+02:00');
INSERT OR REPLACE INTO course_sessions (id, course_id, start_datetime) VALUES ('es_t2_b2_course_s24', 'es_t2_b2', '2026-06-25T15:00+02:00');
INSERT OR REPLACE INTO courses (id, teacher_id, group_reference, time_zone, duration_minutes) VALUES ('es_t2_b3', 'es_t2', 'Group 45', 'America/Los_Angeles', 60);
INSERT OR REPLACE INTO course_sessions (id, course_id, start_datetime) VALUES ('es_t2_b3_course_s1', 'es_t2_b3', '2026-01-20T16:00+01:00');
INSERT OR REPLACE INTO course_sessions (id, course_id, start_datetime) VALUES ('es_t2_b3_course_s2', 'es_t2_b3', '2026-01-27T16:00+01:00');
INSERT OR REPLACE INTO course_sessions (id, course_id, start_datetime) VALUES ('es_t2_b3_course_s3', 'es_t2_b3', '2026-02-03T16:00+01:00');
INSERT OR REPLACE INTO course_sessions (id, course_id, start_datetime) VALUES ('es_t2_b3_course_s4', 'es_t2_b3', '2026-02-10T16:00+01:00');
INSERT OR REPLACE INTO course_sessions (id, course_id, start_datetime) VALUES ('es_t2_b3_course_s5', 'es_t2_b3', '2026-02-17T16:00+01:00');
INSERT OR REPLACE INTO course_sessions (id, course_id, start_datetime) VALUES ('es_t2_b3_course_s6', 'es_t2_b3', '2026-02-24T16:00+01:00');
INSERT OR REPLACE INTO course_sessions (id, course_id, start_datetime) VALUES ('es_t2_b3_course_s7', 'es_t2_b3', '2026-03-03T16:00+01:00');
INSERT OR REPLACE INTO course_sessions (id, course_id, start_datetime) VALUES ('es_t2_b3_course_s8', 'es_t2_b3', '2026-03-10T16:00+01:00');
INSERT OR REPLACE INTO course_sessions (id, course_id, start_datetime) VALUES ('es_t2_b3_course_s9', 'es_t2_b3', '2026-03-17T16:00+01:00');
INSERT OR REPLACE INTO course_sessions (id, course_id, start_datetime) VALUES ('es_t2_b3_course_s10', 'es_t2_b3', '2026-03-24T16:00+01:00');
INSERT OR REPLACE INTO course_sessions (id, course_id, start_datetime) VALUES ('es_t2_b3_course_s11', 'es_t2_b3', '2026-03-31T16:00+02:00');
INSERT OR REPLACE INTO course_sessions (id, course_id, start_datetime) VALUES ('es_t2_b3_course_s12', 'es_t2_b3', '2026-04-07T16:00+02:00');
INSERT OR REPLACE INTO course_sessions (id, course_id, start_datetime) VALUES ('es_t2_b3_course_s13', 'es_t2_b3', '2026-04-14T16:00+02:00');
INSERT OR REPLACE INTO course_sessions (id, course_id, start_datetime) VALUES ('es_t2_b3_course_s14', 'es_t2_b3', '2026-04-21T16:00+02:00');
INSERT OR REPLACE INTO course_sessions (id, course_id, start_datetime) VALUES ('es_t2_b3_course_s15', 'es_t2_b3', '2026-04-28T16:00+02:00');
INSERT OR REPLACE INTO course_sessions (id, course_id, start_datetime) VALUES ('es_t2_b3_course_s16', 'es_t2_b3', '2026-05-05T16:00+02:00');
INSERT OR REPLACE INTO course_sessions (id, course_id, start_datetime) VALUES ('es_t2_b3_course_s17', 'es_t2_b3', '2026-05-12T16:00+02:00');
INSERT OR REPLACE INTO course_sessions (id, course_id, start_datetime) VALUES ('es_t2_b3_course_s18', 'es_t2_b3', '2026-05-19T16:00+02:00');
INSERT OR REPLACE INTO course_sessions (id, course_id, start_datetime) VALUES ('es_t2_b3_course_s19', 'es_t2_b3', '2026-05-26T16:00+02:00');
INSERT OR REPLACE INTO course_sessions (id, course_id, start_datetime) VALUES ('es_t2_b3_course_s20', 'es_t2_b3', '2026-06-02T16:00+02:00');
INSERT OR REPLACE INTO course_sessions (id, course_id, start_datetime) VALUES ('es_t2_b3_course_s21', 'es_t2_b3', '2026-06-09T16:00+02:00');
INSERT OR REPLACE INTO course_sessions (id, course_id, start_datetime) VALUES ('es_t2_b3_course_s22', 'es_t2_b3', '2026-06-16T16:00+02:00');
INSERT OR REPLACE INTO course_sessions (id, course_id, start_datetime) VALUES ('es_t2_b3_course_s23', 'es_t2_b3', '2026-06-23T16:00+02:00');
INSERT OR REPLACE INTO course_sessions (id, course_id, start_datetime) VALUES ('es_t2_b3_course_s24', 'es_t2_b3', '2026-06-30T16:00+02:00');
INSERT OR REPLACE INTO courses (id, teacher_id, group_reference, time_zone, duration_minutes) VALUES ('es_t2_b4', 'es_t2', 'Group 46', 'America/Los_Angeles', 60);
INSERT OR REPLACE INTO course_sessions (id, course_id, start_datetime) VALUES ('es_t2_b4_course_s1', 'es_t2_b4', '2026-01-21T16:00+01:00');
INSERT OR REPLACE INTO course_sessions (id, course_id, start_datetime) VALUES ('es_t2_b4_course_s2', 'es_t2_b4', '2026-01-28T16:00+01:00');
INSERT OR REPLACE INTO course_sessions (id, course_id, start_datetime) VALUES ('es_t2_b4_course_s3', 'es_t2_b4', '2026-02-04T16:00+01:00');
INSERT OR REPLACE INTO course_sessions (id, course_id, start_datetime) VALUES ('es_t2_b4_course_s4', 'es_t2_b4', '2026-02-11T16:00+01:00');
INSERT OR REPLACE INTO course_sessions (id, course_id, start_datetime) VALUES ('es_t2_b4_course_s5', 'es_t2_b4', '2026-02-18T16:00+01:00');
INSERT OR REPLACE INTO course_sessions (id, course_id, start_datetime) VALUES ('es_t2_b4_course_s6', 'es_t2_b4', '2026-02-25T16:00+01:00');
INSERT OR REPLACE INTO course_sessions (id, course_id, start_datetime) VALUES ('es_t2_b4_course_s7', 'es_t2_b4', '2026-03-04T16:00+01:00');
INSERT OR REPLACE INTO course_sessions (id, course_id, start_datetime) VALUES ('es_t2_b4_course_s8', 'es_t2_b4', '2026-03-11T15:00+01:00');
INSERT OR REPLACE INTO course_sessions (id, course_id, start_datetime) VALUES ('es_t2_b4_course_s9', 'es_t2_b4', '2026-03-18T15:00+01:00');
INSERT OR REPLACE INTO course_sessions (id, course_id, start_datetime) VALUES ('es_t2_b4_course_s10', 'es_t2_b4', '2026-03-25T15:00+01:00');
INSERT OR REPLACE INTO course_sessions (id, course_id, start_datetime) VALUES ('es_t2_b4_course_s11', 'es_t2_b4', '2026-04-01T16:00+02:00');
INSERT OR REPLACE INTO course_sessions (id, course_id, start_datetime) VALUES ('es_t2_b4_course_s12', 'es_t2_b4', '2026-04-08T16:00+02:00');
INSERT OR REPLACE INTO course_sessions (id, course_id, start_datetime) VALUES ('es_t2_b4_course_s13', 'es_t2_b4', '2026-04-15T16:00+02:00');
INSERT OR REPLACE INTO course_sessions (id, course_id, start_datetime) VALUES ('es_t2_b4_course_s14', 'es_t2_b4', '2026-04-22T16:00+02:00');
INSERT OR REPLACE INTO course_sessions (id, course_id, start_datetime) VALUES ('es_t2_b4_course_s15', 'es_t2_b4', '2026-04-29T16:00+02:00');
INSERT OR REPLACE INTO course_sessions (id, course_id, start_datetime) VALUES ('es_t2_b4_course_s16', 'es_t2_b4', '2026-05-06T16:00+02:00');
INSERT OR REPLACE INTO course_sessions (id, course_id, start_datetime) VALUES ('es_t2_b4_course_s17', 'es_t2_b4', '2026-05-13T16:00+02:00');
INSERT OR REPLACE INTO course_sessions (id, course_id, start_datetime) VALUES ('es_t2_b4_course_s18', 'es_t2_b4', '2026-05-20T16:00+02:00');
INSERT OR REPLACE INTO course_sessions (id, course_id, start_datetime) VALUES ('es_t2_b4_course_s19', 'es_t2_b4', '2026-05-27T16:00+02:00');
INSERT OR REPLACE INTO course_sessions (id, course_id, start_datetime) VALUES ('es_t2_b4_course_s20', 'es_t2_b4', '2026-06-03T16:00+02:00');
INSERT OR REPLACE INTO course_sessions (id, course_id, start_datetime) VALUES ('es_t2_b4_course_s21', 'es_t2_b4', '2026-06-10T16:00+02:00');
INSERT OR REPLACE INTO course_sessions (id, course_id, start_datetime) VALUES ('es_t2_b4_course_s22', 'es_t2_b4', '2026-06-17T16:00+02:00');
INSERT OR REPLACE INTO course_sessions (id, course_id, start_datetime) VALUES ('es_t2_b4_course_s23', 'es_t2_b4', '2026-06-24T16:00+02:00');
INSERT OR REPLACE INTO course_sessions (id, course_id, start_datetime) VALUES ('es_t2_b4_course_s24', 'es_t2_b4', '2026-07-01T16:00+02:00');

INSERT OR REPLACE INTO teachers (id, language, name, username) VALUES ('es_t3', 'es', 'Thais', NULL);
INSERT OR REPLACE INTO availability_slots (id, teacher_id, weekdays_json, start_time, end_time, start_date, end_date, time_zone) VALUES ('es_t3_a1', 'es_t3', '[2,3]', '15:00', '19:00', '2026-01-14', '2026-12-30', 'Europe/Warsaw');
INSERT OR REPLACE INTO availability_slots (id, teacher_id, weekdays_json, start_time, end_time, start_date, end_date, time_zone) VALUES ('es_t3_a1', 'es_t3', '[4]', '15:00', '18:00', '2026-01-14', '2026-12-30', 'Europe/Warsaw');
INSERT OR REPLACE INTO availability_slots (id, teacher_id, weekdays_json, start_time, end_time, start_date, end_date, time_zone) VALUES ('es_t3_a1', 'es_t3', '[5]', '18:00', '22:00', '2026-01-14', '2026-12-30', 'Europe/Warsaw');
INSERT OR REPLACE INTO courses (id, teacher_id, group_reference, time_zone, duration_minutes) VALUES ('es_t3_b1', 'es_t3', 'Group 39', 'America/Los_Angeles', 60);
INSERT OR REPLACE INTO course_sessions (id, course_id, start_datetime) VALUES ('es_t3_b1_course_s1', 'es_t3_b1', '2026-01-16T18:00+01:00');
INSERT OR REPLACE INTO course_sessions (id, course_id, start_datetime) VALUES ('es_t3_b1_course_s2', 'es_t3_b1', '2026-01-23T18:00+01:00');
INSERT OR REPLACE INTO course_sessions (id, course_id, start_datetime) VALUES ('es_t3_b1_course_s3', 'es_t3_b1', '2026-01-30T18:00+01:00');
INSERT OR REPLACE INTO course_sessions (id, course_id, start_datetime) VALUES ('es_t3_b1_course_s4', 'es_t3_b1', '2026-02-06T18:00+01:00');
INSERT OR REPLACE INTO course_sessions (id, course_id, start_datetime) VALUES ('es_t3_b1_course_s5', 'es_t3_b1', '2026-02-13T18:00+01:00');
INSERT OR REPLACE INTO course_sessions (id, course_id, start_datetime) VALUES ('es_t3_b1_course_s6', 'es_t3_b1', '2026-02-20T18:00+01:00');
INSERT OR REPLACE INTO course_sessions (id, course_id, start_datetime) VALUES ('es_t3_b1_course_s7', 'es_t3_b1', '2026-02-27T18:00+01:00');
INSERT OR REPLACE INTO course_sessions (id, course_id, start_datetime) VALUES ('es_t3_b1_course_s8', 'es_t3_b1', '2026-03-06T18:00+01:00');
INSERT OR REPLACE INTO course_sessions (id, course_id, start_datetime) VALUES ('es_t3_b1_course_s9', 'es_t3_b1', '2026-03-13T18:00+01:00');
INSERT OR REPLACE INTO course_sessions (id, course_id, start_datetime) VALUES ('es_t3_b1_course_s10', 'es_t3_b1', '2026-03-20T18:00+01:00');
INSERT OR REPLACE INTO course_sessions (id, course_id, start_datetime) VALUES ('es_t3_b1_course_s11', 'es_t3_b1', '2026-03-27T18:00+01:00');
INSERT OR REPLACE INTO course_sessions (id, course_id, start_datetime) VALUES ('es_t3_b1_course_s12', 'es_t3_b1', '2026-04-03T18:00+02:00');
INSERT OR REPLACE INTO course_sessions (id, course_id, start_datetime) VALUES ('es_t3_b1_course_s13', 'es_t3_b1', '2026-04-10T18:00+02:00');
INSERT OR REPLACE INTO course_sessions (id, course_id, start_datetime) VALUES ('es_t3_b1_course_s14', 'es_t3_b1', '2026-04-17T18:00+02:00');
INSERT OR REPLACE INTO course_sessions (id, course_id, start_datetime) VALUES ('es_t3_b1_course_s15', 'es_t3_b1', '2026-04-24T18:00+02:00');
INSERT OR REPLACE INTO course_sessions (id, course_id, start_datetime) VALUES ('es_t3_b1_course_s16', 'es_t3_b1', '2026-05-01T18:00+02:00');
INSERT OR REPLACE INTO course_sessions (id, course_id, start_datetime) VALUES ('es_t3_b1_course_s17', 'es_t3_b1', '2026-05-08T18:00+02:00');
INSERT OR REPLACE INTO course_sessions (id, course_id, start_datetime) VALUES ('es_t3_b1_course_s18', 'es_t3_b1', '2026-05-15T18:00+02:00');
INSERT OR REPLACE INTO course_sessions (id, course_id, start_datetime) VALUES ('es_t3_b1_course_s19', 'es_t3_b1', '2026-05-22T18:00+02:00');
INSERT OR REPLACE INTO course_sessions (id, course_id, start_datetime) VALUES ('es_t3_b1_course_s20', 'es_t3_b1', '2026-05-29T18:00+02:00');
INSERT OR REPLACE INTO course_sessions (id, course_id, start_datetime) VALUES ('es_t3_b1_course_s21', 'es_t3_b1', '2026-06-05T18:00+02:00');
INSERT OR REPLACE INTO course_sessions (id, course_id, start_datetime) VALUES ('es_t3_b1_course_s22', 'es_t3_b1', '2026-06-12T18:00+02:00');
INSERT OR REPLACE INTO course_sessions (id, course_id, start_datetime) VALUES ('es_t3_b1_course_s23', 'es_t3_b1', '2026-06-19T18:00+02:00');
INSERT OR REPLACE INTO course_sessions (id, course_id, start_datetime) VALUES ('es_t3_b1_course_s24', 'es_t3_b1', '2026-06-26T18:00+02:00');
INSERT OR REPLACE INTO courses (id, teacher_id, group_reference, time_zone, duration_minutes) VALUES ('es_t3_b3', 'es_t3', 'Group 43', 'America/Los_Angeles', 60);
INSERT OR REPLACE INTO course_sessions (id, course_id, start_datetime) VALUES ('es_t3_b3_course_s1', 'es_t3_b3', '2026-01-20T15:00+01:00');
INSERT OR REPLACE INTO course_sessions (id, course_id, start_datetime) VALUES ('es_t3_b3_course_s2', 'es_t3_b3', '2026-01-27T15:00+01:00');
INSERT OR REPLACE INTO course_sessions (id, course_id, start_datetime) VALUES ('es_t3_b3_course_s3', 'es_t3_b3', '2026-02-03T15:00+01:00');
INSERT OR REPLACE INTO course_sessions (id, course_id, start_datetime) VALUES ('es_t3_b3_course_s4', 'es_t3_b3', '2026-02-10T15:00+01:00');
INSERT OR REPLACE INTO course_sessions (id, course_id, start_datetime) VALUES ('es_t3_b3_course_s5', 'es_t3_b3', '2026-02-17T15:00+01:00');
INSERT OR REPLACE INTO course_sessions (id, course_id, start_datetime) VALUES ('es_t3_b3_course_s6', 'es_t3_b3', '2026-02-24T15:00+01:00');
INSERT OR REPLACE INTO course_sessions (id, course_id, start_datetime) VALUES ('es_t3_b3_course_s7', 'es_t3_b3', '2026-03-03T15:00+01:00');
INSERT OR REPLACE INTO course_sessions (id, course_id, start_datetime) VALUES ('es_t3_b3_course_s8', 'es_t3_b3', '2026-03-10T15:00+01:00');
INSERT OR REPLACE INTO course_sessions (id, course_id, start_datetime) VALUES ('es_t3_b3_course_s9', 'es_t3_b3', '2026-03-17T15:00+01:00');
INSERT OR REPLACE INTO course_sessions (id, course_id, start_datetime) VALUES ('es_t3_b3_course_s10', 'es_t3_b3', '2026-03-24T15:00+01:00');
INSERT OR REPLACE INTO course_sessions (id, course_id, start_datetime) VALUES ('es_t3_b3_course_s11', 'es_t3_b3', '2026-03-31T15:00+02:00');
INSERT OR REPLACE INTO course_sessions (id, course_id, start_datetime) VALUES ('es_t3_b3_course_s12', 'es_t3_b3', '2026-04-07T15:00+02:00');
INSERT OR REPLACE INTO course_sessions (id, course_id, start_datetime) VALUES ('es_t3_b3_course_s13', 'es_t3_b3', '2026-04-14T15:00+02:00');
INSERT OR REPLACE INTO course_sessions (id, course_id, start_datetime) VALUES ('es_t3_b3_course_s14', 'es_t3_b3', '2026-04-21T15:00+02:00');
INSERT OR REPLACE INTO course_sessions (id, course_id, start_datetime) VALUES ('es_t3_b3_course_s15', 'es_t3_b3', '2026-04-28T15:00+02:00');
INSERT OR REPLACE INTO course_sessions (id, course_id, start_datetime) VALUES ('es_t3_b3_course_s16', 'es_t3_b3', '2026-05-05T15:00+02:00');
INSERT OR REPLACE INTO course_sessions (id, course_id, start_datetime) VALUES ('es_t3_b3_course_s17', 'es_t3_b3', '2026-05-12T15:00+02:00');
INSERT OR REPLACE INTO course_sessions (id, course_id, start_datetime) VALUES ('es_t3_b3_course_s18', 'es_t3_b3', '2026-05-19T15:00+02:00');
INSERT OR REPLACE INTO course_sessions (id, course_id, start_datetime) VALUES ('es_t3_b3_course_s19', 'es_t3_b3', '2026-05-26T15:00+02:00');
INSERT OR REPLACE INTO course_sessions (id, course_id, start_datetime) VALUES ('es_t3_b3_course_s20', 'es_t3_b3', '2026-06-02T15:00+02:00');
INSERT OR REPLACE INTO course_sessions (id, course_id, start_datetime) VALUES ('es_t3_b3_course_s21', 'es_t3_b3', '2026-06-09T15:00+02:00');
INSERT OR REPLACE INTO course_sessions (id, course_id, start_datetime) VALUES ('es_t3_b3_course_s22', 'es_t3_b3', '2026-06-16T15:00+02:00');
INSERT OR REPLACE INTO course_sessions (id, course_id, start_datetime) VALUES ('es_t3_b3_course_s23', 'es_t3_b3', '2026-06-23T15:00+02:00');
INSERT OR REPLACE INTO course_sessions (id, course_id, start_datetime) VALUES ('es_t3_b3_course_s24', 'es_t3_b3', '2026-06-30T15:00+02:00');
INSERT OR REPLACE INTO courses (id, teacher_id, group_reference, time_zone, duration_minutes) VALUES ('es_t3_b4', 'es_t3', 'Group 44', 'America/Los_Angeles', 60);
INSERT OR REPLACE INTO course_sessions (id, course_id, start_datetime) VALUES ('es_t3_b4_course_s1', 'es_t3_b4', '2026-01-21T18:00+01:00');
INSERT OR REPLACE INTO course_sessions (id, course_id, start_datetime) VALUES ('es_t3_b4_course_s2', 'es_t3_b4', '2026-01-28T18:00+01:00');
INSERT OR REPLACE INTO course_sessions (id, course_id, start_datetime) VALUES ('es_t3_b4_course_s3', 'es_t3_b4', '2026-02-04T18:00+01:00');
INSERT OR REPLACE INTO course_sessions (id, course_id, start_datetime) VALUES ('es_t3_b4_course_s4', 'es_t3_b4', '2026-02-11T18:00+01:00');
INSERT OR REPLACE INTO course_sessions (id, course_id, start_datetime) VALUES ('es_t3_b4_course_s5', 'es_t3_b4', '2026-02-18T18:00+01:00');
INSERT OR REPLACE INTO course_sessions (id, course_id, start_datetime) VALUES ('es_t3_b4_course_s6', 'es_t3_b4', '2026-02-25T18:00+01:00');
INSERT OR REPLACE INTO course_sessions (id, course_id, start_datetime) VALUES ('es_t3_b4_course_s7', 'es_t3_b4', '2026-03-04T18:00+01:00');
INSERT OR REPLACE INTO course_sessions (id, course_id, start_datetime) VALUES ('es_t3_b4_course_s8', 'es_t3_b4', '2026-03-11T17:00+01:00');
INSERT OR REPLACE INTO course_sessions (id, course_id, start_datetime) VALUES ('es_t3_b4_course_s9', 'es_t3_b4', '2026-03-18T17:00+01:00');
INSERT OR REPLACE INTO course_sessions (id, course_id, start_datetime) VALUES ('es_t3_b4_course_s10', 'es_t3_b4', '2026-03-25T17:00+01:00');
INSERT OR REPLACE INTO course_sessions (id, course_id, start_datetime) VALUES ('es_t3_b4_course_s11', 'es_t3_b4', '2026-04-01T18:00+02:00');
INSERT OR REPLACE INTO course_sessions (id, course_id, start_datetime) VALUES ('es_t3_b4_course_s12', 'es_t3_b4', '2026-04-08T18:00+02:00');
INSERT OR REPLACE INTO course_sessions (id, course_id, start_datetime) VALUES ('es_t3_b4_course_s13', 'es_t3_b4', '2026-04-15T18:00+02:00');
INSERT OR REPLACE INTO course_sessions (id, course_id, start_datetime) VALUES ('es_t3_b4_course_s14', 'es_t3_b4', '2026-04-22T18:00+02:00');
INSERT OR REPLACE INTO course_sessions (id, course_id, start_datetime) VALUES ('es_t3_b4_course_s15', 'es_t3_b4', '2026-04-29T18:00+02:00');
INSERT OR REPLACE INTO course_sessions (id, course_id, start_datetime) VALUES ('es_t3_b4_course_s16', 'es_t3_b4', '2026-05-06T18:00+02:00');
INSERT OR REPLACE INTO course_sessions (id, course_id, start_datetime) VALUES ('es_t3_b4_course_s17', 'es_t3_b4', '2026-05-13T18:00+02:00');
INSERT OR REPLACE INTO course_sessions (id, course_id, start_datetime) VALUES ('es_t3_b4_course_s18', 'es_t3_b4', '2026-05-20T18:00+02:00');
INSERT OR REPLACE INTO course_sessions (id, course_id, start_datetime) VALUES ('es_t3_b4_course_s19', 'es_t3_b4', '2026-05-27T18:00+02:00');
INSERT OR REPLACE INTO course_sessions (id, course_id, start_datetime) VALUES ('es_t3_b4_course_s20', 'es_t3_b4', '2026-06-03T18:00+02:00');
INSERT OR REPLACE INTO course_sessions (id, course_id, start_datetime) VALUES ('es_t3_b4_course_s21', 'es_t3_b4', '2026-06-10T18:00+02:00');
INSERT OR REPLACE INTO course_sessions (id, course_id, start_datetime) VALUES ('es_t3_b4_course_s22', 'es_t3_b4', '2026-06-17T18:00+02:00');
INSERT OR REPLACE INTO course_sessions (id, course_id, start_datetime) VALUES ('es_t3_b4_course_s23', 'es_t3_b4', '2026-06-24T18:00+02:00');
INSERT OR REPLACE INTO course_sessions (id, course_id, start_datetime) VALUES ('es_t3_b4_course_s24', 'es_t3_b4', '2026-07-01T18:00+02:00');
INSERT OR REPLACE INTO courses (id, teacher_id, group_reference, time_zone, duration_minutes) VALUES ('es_t3_b5', 'es_t3', 'Group 47', 'America/Los_Angeles', 60);
INSERT OR REPLACE INTO course_sessions (id, course_id, start_datetime) VALUES ('es_t3_b5_course_s1', 'es_t3_b5', '2026-01-20T16:00+01:00');
INSERT OR REPLACE INTO course_sessions (id, course_id, start_datetime) VALUES ('es_t3_b5_course_s2', 'es_t3_b5', '2026-01-27T16:00+01:00');
INSERT OR REPLACE INTO course_sessions (id, course_id, start_datetime) VALUES ('es_t3_b5_course_s3', 'es_t3_b5', '2026-02-03T16:00+01:00');
INSERT OR REPLACE INTO course_sessions (id, course_id, start_datetime) VALUES ('es_t3_b5_course_s4', 'es_t3_b5', '2026-02-10T16:00+01:00');
INSERT OR REPLACE INTO course_sessions (id, course_id, start_datetime) VALUES ('es_t3_b5_course_s5', 'es_t3_b5', '2026-02-17T16:00+01:00');
INSERT OR REPLACE INTO course_sessions (id, course_id, start_datetime) VALUES ('es_t3_b5_course_s6', 'es_t3_b5', '2026-02-24T16:00+01:00');
INSERT OR REPLACE INTO course_sessions (id, course_id, start_datetime) VALUES ('es_t3_b5_course_s7', 'es_t3_b5', '2026-03-03T16:00+01:00');
INSERT OR REPLACE INTO course_sessions (id, course_id, start_datetime) VALUES ('es_t3_b5_course_s8', 'es_t3_b5', '2026-03-10T16:00+01:00');
INSERT OR REPLACE INTO course_sessions (id, course_id, start_datetime) VALUES ('es_t3_b5_course_s9', 'es_t3_b5', '2026-03-17T16:00+01:00');
INSERT OR REPLACE INTO course_sessions (id, course_id, start_datetime) VALUES ('es_t3_b5_course_s10', 'es_t3_b5', '2026-03-24T16:00+01:00');
INSERT OR REPLACE INTO course_sessions (id, course_id, start_datetime) VALUES ('es_t3_b5_course_s11', 'es_t3_b5', '2026-03-31T16:00+02:00');
INSERT OR REPLACE INTO course_sessions (id, course_id, start_datetime) VALUES ('es_t3_b5_course_s12', 'es_t3_b5', '2026-04-07T16:00+02:00');
INSERT OR REPLACE INTO course_sessions (id, course_id, start_datetime) VALUES ('es_t3_b5_course_s13', 'es_t3_b5', '2026-04-14T16:00+02:00');
INSERT OR REPLACE INTO course_sessions (id, course_id, start_datetime) VALUES ('es_t3_b5_course_s14', 'es_t3_b5', '2026-04-21T16:00+02:00');
INSERT OR REPLACE INTO course_sessions (id, course_id, start_datetime) VALUES ('es_t3_b5_course_s15', 'es_t3_b5', '2026-04-28T16:00+02:00');
INSERT OR REPLACE INTO course_sessions (id, course_id, start_datetime) VALUES ('es_t3_b5_course_s16', 'es_t3_b5', '2026-05-05T16:00+02:00');
INSERT OR REPLACE INTO course_sessions (id, course_id, start_datetime) VALUES ('es_t3_b5_course_s17', 'es_t3_b5', '2026-05-12T16:00+02:00');
INSERT OR REPLACE INTO course_sessions (id, course_id, start_datetime) VALUES ('es_t3_b5_course_s18', 'es_t3_b5', '2026-05-19T16:00+02:00');
INSERT OR REPLACE INTO course_sessions (id, course_id, start_datetime) VALUES ('es_t3_b5_course_s19', 'es_t3_b5', '2026-05-26T16:00+02:00');
INSERT OR REPLACE INTO course_sessions (id, course_id, start_datetime) VALUES ('es_t3_b5_course_s20', 'es_t3_b5', '2026-06-02T16:00+02:00');
INSERT OR REPLACE INTO course_sessions (id, course_id, start_datetime) VALUES ('es_t3_b5_course_s21', 'es_t3_b5', '2026-06-09T16:00+02:00');
INSERT OR REPLACE INTO course_sessions (id, course_id, start_datetime) VALUES ('es_t3_b5_course_s22', 'es_t3_b5', '2026-06-16T16:00+02:00');
INSERT OR REPLACE INTO course_sessions (id, course_id, start_datetime) VALUES ('es_t3_b5_course_s23', 'es_t3_b5', '2026-06-23T16:00+02:00');
INSERT OR REPLACE INTO course_sessions (id, course_id, start_datetime) VALUES ('es_t3_b5_course_s24', 'es_t3_b5', '2026-06-30T16:00+02:00');
INSERT OR REPLACE INTO courses (id, teacher_id, group_reference, time_zone, duration_minutes) VALUES ('es_t3_b6', 'es_t3', 'Group 48', 'America/Los_Angeles', 60);
INSERT OR REPLACE INTO course_sessions (id, course_id, start_datetime) VALUES ('es_t3_b6_course_s1', 'es_t3_b6', '2026-01-20T18:00+01:00');
INSERT OR REPLACE INTO course_sessions (id, course_id, start_datetime) VALUES ('es_t3_b6_course_s2', 'es_t3_b6', '2026-01-27T18:00+01:00');
INSERT OR REPLACE INTO course_sessions (id, course_id, start_datetime) VALUES ('es_t3_b6_course_s3', 'es_t3_b6', '2026-02-03T18:00+01:00');
INSERT OR REPLACE INTO course_sessions (id, course_id, start_datetime) VALUES ('es_t3_b6_course_s4', 'es_t3_b6', '2026-02-10T18:00+01:00');
INSERT OR REPLACE INTO course_sessions (id, course_id, start_datetime) VALUES ('es_t3_b6_course_s5', 'es_t3_b6', '2026-02-17T18:00+01:00');
INSERT OR REPLACE INTO course_sessions (id, course_id, start_datetime) VALUES ('es_t3_b6_course_s6', 'es_t3_b6', '2026-02-24T18:00+01:00');
INSERT OR REPLACE INTO course_sessions (id, course_id, start_datetime) VALUES ('es_t3_b6_course_s7', 'es_t3_b6', '2026-03-03T18:00+01:00');
INSERT OR REPLACE INTO course_sessions (id, course_id, start_datetime) VALUES ('es_t3_b6_course_s8', 'es_t3_b6', '2026-03-10T17:00+01:00');
INSERT OR REPLACE INTO course_sessions (id, course_id, start_datetime) VALUES ('es_t3_b6_course_s9', 'es_t3_b6', '2026-03-17T17:00+01:00');
INSERT OR REPLACE INTO course_sessions (id, course_id, start_datetime) VALUES ('es_t3_b6_course_s10', 'es_t3_b6', '2026-03-24T17:00+01:00');
INSERT OR REPLACE INTO course_sessions (id, course_id, start_datetime) VALUES ('es_t3_b6_course_s11', 'es_t3_b6', '2026-03-31T18:00+02:00');
INSERT OR REPLACE INTO course_sessions (id, course_id, start_datetime) VALUES ('es_t3_b6_course_s12', 'es_t3_b6', '2026-04-07T18:00+02:00');
INSERT OR REPLACE INTO course_sessions (id, course_id, start_datetime) VALUES ('es_t3_b6_course_s13', 'es_t3_b6', '2026-04-14T18:00+02:00');
INSERT OR REPLACE INTO course_sessions (id, course_id, start_datetime) VALUES ('es_t3_b6_course_s14', 'es_t3_b6', '2026-04-21T18:00+02:00');
INSERT OR REPLACE INTO course_sessions (id, course_id, start_datetime) VALUES ('es_t3_b6_course_s15', 'es_t3_b6', '2026-04-28T18:00+02:00');
INSERT OR REPLACE INTO course_sessions (id, course_id, start_datetime) VALUES ('es_t3_b6_course_s16', 'es_t3_b6', '2026-05-05T18:00+02:00');
INSERT OR REPLACE INTO course_sessions (id, course_id, start_datetime) VALUES ('es_t3_b6_course_s17', 'es_t3_b6', '2026-05-12T18:00+02:00');
INSERT OR REPLACE INTO course_sessions (id, course_id, start_datetime) VALUES ('es_t3_b6_course_s18', 'es_t3_b6', '2026-05-19T18:00+02:00');
INSERT OR REPLACE INTO course_sessions (id, course_id, start_datetime) VALUES ('es_t3_b6_course_s19', 'es_t3_b6', '2026-05-26T18:00+02:00');
INSERT OR REPLACE INTO course_sessions (id, course_id, start_datetime) VALUES ('es_t3_b6_course_s20', 'es_t3_b6', '2026-06-02T18:00+02:00');
INSERT OR REPLACE INTO course_sessions (id, course_id, start_datetime) VALUES ('es_t3_b6_course_s21', 'es_t3_b6', '2026-06-09T18:00+02:00');
INSERT OR REPLACE INTO course_sessions (id, course_id, start_datetime) VALUES ('es_t3_b6_course_s22', 'es_t3_b6', '2026-06-16T18:00+02:00');
INSERT OR REPLACE INTO course_sessions (id, course_id, start_datetime) VALUES ('es_t3_b6_course_s23', 'es_t3_b6', '2026-06-23T18:00+02:00');
INSERT OR REPLACE INTO course_sessions (id, course_id, start_datetime) VALUES ('es_t3_b6_course_s24', 'es_t3_b6', '2026-06-30T18:00+02:00');
INSERT OR REPLACE INTO courses (id, teacher_id, group_reference, time_zone, duration_minutes) VALUES ('es_t3_b6', 'es_t3', 'Group 53', 'America/New_York', 60);
INSERT OR REPLACE INTO course_sessions (id, course_id, start_datetime) VALUES ('es_t3_b6_course_s1', 'es_t3_b6', '2026-03-06T20:30+01:00');
INSERT OR REPLACE INTO course_sessions (id, course_id, start_datetime) VALUES ('es_t3_b6_course_s2', 'es_t3_b6', '2026-03-13T19:30+01:00');
INSERT OR REPLACE INTO course_sessions (id, course_id, start_datetime) VALUES ('es_t3_b6_course_s3', 'es_t3_b6', '2026-03-20T19:30+01:00');
INSERT OR REPLACE INTO course_sessions (id, course_id, start_datetime) VALUES ('es_t3_b6_course_s4', 'es_t3_b6', '2026-03-27T19:30+01:00');
INSERT OR REPLACE INTO course_sessions (id, course_id, start_datetime) VALUES ('es_t3_b6_course_s5', 'es_t3_b6', '2026-04-03T20:30+02:00');
INSERT OR REPLACE INTO course_sessions (id, course_id, start_datetime) VALUES ('es_t3_b6_course_s6', 'es_t3_b6', '2026-04-10T20:30+02:00');
INSERT OR REPLACE INTO course_sessions (id, course_id, start_datetime) VALUES ('es_t3_b6_course_s7', 'es_t3_b6', '2026-04-17T20:30+02:00');
INSERT OR REPLACE INTO course_sessions (id, course_id, start_datetime) VALUES ('es_t3_b6_course_s8', 'es_t3_b6', '2026-04-24T20:30+02:00');
INSERT OR REPLACE INTO course_sessions (id, course_id, start_datetime) VALUES ('es_t3_b6_course_s9', 'es_t3_b6', '2026-05-01T20:30+02:00');
INSERT OR REPLACE INTO course_sessions (id, course_id, start_datetime) VALUES ('es_t3_b6_course_s10', 'es_t3_b6', '2026-05-08T20:30+02:00');
INSERT OR REPLACE INTO course_sessions (id, course_id, start_datetime) VALUES ('es_t3_b6_course_s11', 'es_t3_b6', '2026-05-15T20:30+02:00');
INSERT OR REPLACE INTO course_sessions (id, course_id, start_datetime) VALUES ('es_t3_b6_course_s12', 'es_t3_b6', '2026-05-22T20:30+02:00');
INSERT OR REPLACE INTO course_sessions (id, course_id, start_datetime) VALUES ('es_t3_b6_course_s13', 'es_t3_b6', '2026-05-29T20:30+02:00');
INSERT OR REPLACE INTO course_sessions (id, course_id, start_datetime) VALUES ('es_t3_b6_course_s14', 'es_t3_b6', '2026-06-05T20:30+02:00');
INSERT OR REPLACE INTO course_sessions (id, course_id, start_datetime) VALUES ('es_t3_b6_course_s15', 'es_t3_b6', '2026-06-12T20:30+02:00');
INSERT OR REPLACE INTO course_sessions (id, course_id, start_datetime) VALUES ('es_t3_b6_course_s16', 'es_t3_b6', '2026-06-19T20:30+02:00');
INSERT OR REPLACE INTO course_sessions (id, course_id, start_datetime) VALUES ('es_t3_b6_course_s17', 'es_t3_b6', '2026-06-26T20:30+02:00');
INSERT OR REPLACE INTO course_sessions (id, course_id, start_datetime) VALUES ('es_t3_b6_course_s18', 'es_t3_b6', '2026-07-03T20:30+02:00');
INSERT OR REPLACE INTO course_sessions (id, course_id, start_datetime) VALUES ('es_t3_b6_course_s19', 'es_t3_b6', '2026-07-10T20:30+02:00');
INSERT OR REPLACE INTO course_sessions (id, course_id, start_datetime) VALUES ('es_t3_b6_course_s20', 'es_t3_b6', '2026-07-17T20:30+02:00');
INSERT OR REPLACE INTO course_sessions (id, course_id, start_datetime) VALUES ('es_t3_b6_course_s21', 'es_t3_b6', '2026-07-24T20:30+02:00');
INSERT OR REPLACE INTO course_sessions (id, course_id, start_datetime) VALUES ('es_t3_b6_course_s22', 'es_t3_b6', '2026-07-31T20:30+02:00');
INSERT OR REPLACE INTO courses (id, teacher_id, group_reference, time_zone, duration_minutes) VALUES ('es_t3_b7', 'es_t3', 'Group 53', 'America/New_York', 60);
INSERT OR REPLACE INTO course_sessions (id, course_id, start_datetime) VALUES ('es_t3_b7_course_s1', 'es_t3_b7', '2026-03-06T20:30+01:00');
INSERT OR REPLACE INTO course_sessions (id, course_id, start_datetime) VALUES ('es_t3_b7_course_s2', 'es_t3_b7', '2026-03-13T19:30+01:00');
INSERT OR REPLACE INTO course_sessions (id, course_id, start_datetime) VALUES ('es_t3_b7_course_s3', 'es_t3_b7', '2026-03-20T19:30+01:00');
INSERT OR REPLACE INTO course_sessions (id, course_id, start_datetime) VALUES ('es_t3_b7_course_s4', 'es_t3_b7', '2026-03-27T19:30+01:00');
INSERT OR REPLACE INTO course_sessions (id, course_id, start_datetime) VALUES ('es_t3_b7_course_s5', 'es_t3_b7', '2026-04-03T20:30+02:00');
INSERT OR REPLACE INTO course_sessions (id, course_id, start_datetime) VALUES ('es_t3_b7_course_s6', 'es_t3_b7', '2026-04-10T20:30+02:00');
INSERT OR REPLACE INTO course_sessions (id, course_id, start_datetime) VALUES ('es_t3_b7_course_s7', 'es_t3_b7', '2026-04-17T20:30+02:00');
INSERT OR REPLACE INTO course_sessions (id, course_id, start_datetime) VALUES ('es_t3_b7_course_s8', 'es_t3_b7', '2026-04-24T20:30+02:00');
INSERT OR REPLACE INTO course_sessions (id, course_id, start_datetime) VALUES ('es_t3_b7_course_s9', 'es_t3_b7', '2026-05-01T20:30+02:00');
INSERT OR REPLACE INTO course_sessions (id, course_id, start_datetime) VALUES ('es_t3_b7_course_s10', 'es_t3_b7', '2026-05-08T20:30+02:00');
INSERT OR REPLACE INTO course_sessions (id, course_id, start_datetime) VALUES ('es_t3_b7_course_s11', 'es_t3_b7', '2026-05-15T20:30+02:00');
INSERT OR REPLACE INTO course_sessions (id, course_id, start_datetime) VALUES ('es_t3_b7_course_s12', 'es_t3_b7', '2026-05-22T20:30+02:00');
INSERT OR REPLACE INTO course_sessions (id, course_id, start_datetime) VALUES ('es_t3_b7_course_s13', 'es_t3_b7', '2026-05-29T20:30+02:00');
INSERT OR REPLACE INTO course_sessions (id, course_id, start_datetime) VALUES ('es_t3_b7_course_s14', 'es_t3_b7', '2026-06-05T20:30+02:00');
INSERT OR REPLACE INTO course_sessions (id, course_id, start_datetime) VALUES ('es_t3_b7_course_s15', 'es_t3_b7', '2026-06-12T20:30+02:00');
INSERT OR REPLACE INTO course_sessions (id, course_id, start_datetime) VALUES ('es_t3_b7_course_s17', 'es_t3_b7', '2026-06-26T20:30+02:00');
INSERT OR REPLACE INTO course_sessions (id, course_id, start_datetime) VALUES ('es_t3_b7_course_s18', 'es_t3_b7', '2026-07-03T20:30+02:00');
INSERT OR REPLACE INTO course_sessions (id, course_id, start_datetime) VALUES ('es_t3_b7_course_s19', 'es_t3_b7', '2026-07-10T20:30+02:00');
INSERT OR REPLACE INTO course_sessions (id, course_id, start_datetime) VALUES ('es_t3_b7_course_s20', 'es_t3_b7', '2026-07-17T20:30+02:00');
INSERT OR REPLACE INTO course_sessions (id, course_id, start_datetime) VALUES ('es_t3_b7_course_s21', 'es_t3_b7', '2026-07-24T20:30+02:00');
INSERT OR REPLACE INTO course_sessions (id, course_id, start_datetime) VALUES ('es_t3_b7_course_s22', 'es_t3_b7', '2026-07-31T20:30+02:00');
INSERT OR REPLACE INTO course_sessions (id, course_id, start_datetime) VALUES ('es_t3_b7_course_s23', 'es_t3_b7', '2026-08-07T20:30+02:00');
INSERT OR REPLACE INTO courses (id, teacher_id, group_reference, time_zone, duration_minutes) VALUES ('es_t3_b8', 'es_t3', 'Group 54', 'America/New_York', 60);
INSERT OR REPLACE INTO course_sessions (id, course_id, start_datetime) VALUES ('es_t3_b8_course_s1', 'es_t3_b8', '2026-03-05T17:00+01:00');
INSERT OR REPLACE INTO course_sessions (id, course_id, start_datetime) VALUES ('es_t3_b8_course_s2', 'es_t3_b8', '2026-03-12T16:00+01:00');
INSERT OR REPLACE INTO course_sessions (id, course_id, start_datetime) VALUES ('es_t3_b8_course_s3', 'es_t3_b8', '2026-03-19T16:00+01:00');
INSERT OR REPLACE INTO course_sessions (id, course_id, start_datetime) VALUES ('es_t3_b8_course_s4', 'es_t3_b8', '2026-03-26T16:00+01:00');
INSERT OR REPLACE INTO course_sessions (id, course_id, start_datetime) VALUES ('es_t3_b8_course_s5', 'es_t3_b8', '2026-04-02T17:00+02:00');
INSERT OR REPLACE INTO course_sessions (id, course_id, start_datetime) VALUES ('es_t3_b8_course_s6', 'es_t3_b8', '2026-04-09T17:00+02:00');
INSERT OR REPLACE INTO course_sessions (id, course_id, start_datetime) VALUES ('es_t3_b8_course_s7', 'es_t3_b8', '2026-04-16T17:00+02:00');
INSERT OR REPLACE INTO course_sessions (id, course_id, start_datetime) VALUES ('es_t3_b8_course_s8', 'es_t3_b8', '2026-04-23T17:00+02:00');
INSERT OR REPLACE INTO course_sessions (id, course_id, start_datetime) VALUES ('es_t3_b8_course_s9', 'es_t3_b8', '2026-04-30T17:00+02:00');
INSERT OR REPLACE INTO course_sessions (id, course_id, start_datetime) VALUES ('es_t3_b8_course_s10', 'es_t3_b8', '2026-05-07T17:00+02:00');
INSERT OR REPLACE INTO course_sessions (id, course_id, start_datetime) VALUES ('es_t3_b8_course_s11', 'es_t3_b8', '2026-05-14T17:00+02:00');
INSERT OR REPLACE INTO course_sessions (id, course_id, start_datetime) VALUES ('es_t3_b8_course_s12', 'es_t3_b8', '2026-05-21T17:00+02:00');
INSERT OR REPLACE INTO course_sessions (id, course_id, start_datetime) VALUES ('es_t3_b8_course_s13', 'es_t3_b8', '2026-05-28T17:00+02:00');
INSERT OR REPLACE INTO course_sessions (id, course_id, start_datetime) VALUES ('es_t3_b8_course_s14', 'es_t3_b8', '2026-06-04T17:00+02:00');
INSERT OR REPLACE INTO course_sessions (id, course_id, start_datetime) VALUES ('es_t3_b8_course_s15', 'es_t3_b8', '2026-06-11T17:00+02:00');
INSERT OR REPLACE INTO course_sessions (id, course_id, start_datetime) VALUES ('es_t3_b8_course_s16', 'es_t3_b8', '2026-06-18T17:00+02:00');
INSERT OR REPLACE INTO course_sessions (id, course_id, start_datetime) VALUES ('es_t3_b8_course_s17', 'es_t3_b8', '2026-06-25T17:00+02:00');
INSERT OR REPLACE INTO course_sessions (id, course_id, start_datetime) VALUES ('es_t3_b8_course_s18', 'es_t3_b8', '2026-07-02T17:00+02:00');
INSERT OR REPLACE INTO course_sessions (id, course_id, start_datetime) VALUES ('es_t3_b8_course_s19', 'es_t3_b8', '2026-07-09T17:00+02:00');
INSERT OR REPLACE INTO course_sessions (id, course_id, start_datetime) VALUES ('es_t3_b8_course_s20', 'es_t3_b8', '2026-07-16T17:00+02:00');
INSERT OR REPLACE INTO course_sessions (id, course_id, start_datetime) VALUES ('es_t3_b8_course_s21', 'es_t3_b8', '2026-07-23T17:00+02:00');
INSERT OR REPLACE INTO course_sessions (id, course_id, start_datetime) VALUES ('es_t3_b8_course_s22', 'es_t3_b8', '2026-07-30T17:00+02:00');

INSERT OR REPLACE INTO teachers (id, language, name, username) VALUES ('es_t4', 'es', 'Carlos', NULL);
INSERT OR REPLACE INTO availability_slots (id, teacher_id, weekdays_json, start_time, end_time, start_date, end_date, time_zone) VALUES ('es_t4_a1', 'es_t4', '[5]', '20:00', '22:00', '2026-01-14', '2026-12-30', 'Europe/Warsaw');
INSERT OR REPLACE INTO courses (id, teacher_id, group_reference, time_zone, duration_minutes) VALUES ('es_t3_b2', 'es_t4', 'Group 42', 'America/Los_Angeles', 60);
INSERT OR REPLACE INTO course_sessions (id, course_id, start_datetime) VALUES ('es_t3_b2_course_s1', 'es_t3_b2', '2026-01-16T12:00:00.000-08:00');
INSERT OR REPLACE INTO course_sessions (id, course_id, start_datetime) VALUES ('es_t3_b2_course_s2', 'es_t3_b2', '2026-01-23T12:00:00.000-08:00');
INSERT OR REPLACE INTO course_sessions (id, course_id, start_datetime) VALUES ('es_t3_b2_course_s3', 'es_t3_b2', '2026-01-30T12:00:00.000-08:00');
INSERT OR REPLACE INTO course_sessions (id, course_id, start_datetime) VALUES ('es_t3_b2_course_s4', 'es_t3_b2', '2026-02-06T12:00:00.000-08:00');
INSERT OR REPLACE INTO course_sessions (id, course_id, start_datetime) VALUES ('es_t3_b2_course_s5', 'es_t3_b2', '2026-02-13T12:00:00.000-08:00');
INSERT OR REPLACE INTO course_sessions (id, course_id, start_datetime) VALUES ('es_t3_b2_course_s6', 'es_t3_b2', '2026-02-20T12:00:00.000-08:00');
INSERT OR REPLACE INTO course_sessions (id, course_id, start_datetime) VALUES ('es_t3_b2_course_s7', 'es_t3_b2', '2026-02-27T12:00:00.000-08:00');
INSERT OR REPLACE INTO course_sessions (id, course_id, start_datetime) VALUES ('es_t3_b2_course_s8', 'es_t3_b2', '2026-03-06T12:00:00.000-08:00');
INSERT OR REPLACE INTO course_sessions (id, course_id, start_datetime) VALUES ('es_t3_b2_course_s9', 'es_t3_b2', '2026-03-13T12:00:00.000-07:00');
INSERT OR REPLACE INTO course_sessions (id, course_id, start_datetime) VALUES ('es_t3_b2_course_s10', 'es_t3_b2', '2026-03-20T12:00:00.000-07:00');
INSERT OR REPLACE INTO course_sessions (id, course_id, start_datetime) VALUES ('es_t3_b2_course_s11', 'es_t3_b2', '2026-03-27T12:00:00.000-07:00');
INSERT OR REPLACE INTO course_sessions (id, course_id, start_datetime) VALUES ('es_t3_b2_course_s12', 'es_t3_b2', '2026-04-03T12:00:00.000-07:00');
INSERT OR REPLACE INTO course_sessions (id, course_id, start_datetime) VALUES ('es_t3_b2_course_s13', 'es_t3_b2', '2026-04-10T12:00:00.000-07:00');
INSERT OR REPLACE INTO course_sessions (id, course_id, start_datetime) VALUES ('es_t3_b2_course_s14', 'es_t3_b2', '2026-04-17T12:00:00.000-07:00');
INSERT OR REPLACE INTO course_sessions (id, course_id, start_datetime) VALUES ('es_t3_b2_course_s15', 'es_t3_b2', '2026-04-24T12:00:00.000-07:00');
INSERT OR REPLACE INTO course_sessions (id, course_id, start_datetime) VALUES ('es_t3_b2_course_s16', 'es_t3_b2', '2026-05-01T12:00:00.000-07:00');
INSERT OR REPLACE INTO course_sessions (id, course_id, start_datetime) VALUES ('es_t3_b2_course_s17', 'es_t3_b2', '2026-05-08T12:00:00.000-07:00');
INSERT OR REPLACE INTO course_sessions (id, course_id, start_datetime) VALUES ('es_t3_b2_course_s18', 'es_t3_b2', '2026-05-15T12:00:00.000-07:00');
INSERT OR REPLACE INTO course_sessions (id, course_id, start_datetime) VALUES ('es_t3_b2_course_s19', 'es_t3_b2', '2026-05-22T12:00:00.000-07:00');
INSERT OR REPLACE INTO course_sessions (id, course_id, start_datetime) VALUES ('es_t3_b2_course_s20', 'es_t3_b2', '2026-05-29T12:00:00.000-07:00');
INSERT OR REPLACE INTO course_sessions (id, course_id, start_datetime) VALUES ('es_t3_b2_course_s21', 'es_t3_b2', '2026-06-05T12:00:00.000-07:00');
INSERT OR REPLACE INTO course_sessions (id, course_id, start_datetime) VALUES ('es_t3_b2_course_s22', 'es_t3_b2', '2026-06-12T12:00:00.000-07:00');
INSERT OR REPLACE INTO course_sessions (id, course_id, start_datetime) VALUES ('es_t3_b2_course_s23', 'es_t3_b2', '2026-06-19T12:00:00.000-07:00');
INSERT OR REPLACE INTO course_sessions (id, course_id, start_datetime) VALUES ('es_t3_b2_course_s24', 'es_t3_b2', '2026-06-26T12:00:00.000-07:00');
